-- MySQL dump 10.13  Distrib 5.7.30, for Linux (x86_64)
--
-- Host: localhost    Database: qhighschool
-- ------------------------------------------------------
-- Server version	5.7.30-0ubuntu0.18.04.1

/*!40101 SET @OLD_CHARACTER_SET_CLIENT=@@CHARACTER_SET_CLIENT */;
/*!40101 SET @OLD_CHARACTER_SET_RESULTS=@@CHARACTER_SET_RESULTS */;
/*!40101 SET @OLD_COLLATION_CONNECTION=@@COLLATION_CONNECTION */;
/*!40101 SET NAMES utf8 */;
/*!40103 SET @OLD_TIME_ZONE=@@TIME_ZONE */;
/*!40103 SET TIME_ZONE='+00:00' */;
/*!40014 SET @OLD_UNIQUE_CHECKS=@@UNIQUE_CHECKS, UNIQUE_CHECKS=0 */;
/*!40014 SET @OLD_FOREIGN_KEY_CHECKS=@@FOREIGN_KEY_CHECKS, FOREIGN_KEY_CHECKS=0 */;
/*!40101 SET @OLD_SQL_MODE=@@SQL_MODE, SQL_MODE='NO_AUTO_VALUE_ON_ZERO' */;
/*!40111 SET @OLD_SQL_NOTES=@@SQL_NOTES, SQL_NOTES=0 */;

--
-- Table structure for table `course`
--

DROP TABLE IF EXISTS `course`;
/*!40101 SET @saved_cs_client     = @@character_set_client */;
/*!40101 SET character_set_client = utf8 */;
CREATE TABLE `course` (
  `id` int(11) NOT NULL AUTO_INCREMENT,
  `subjectId` int(11) DEFAULT NULL,
  `name` varchar(128) NOT NULL,
  `description` mediumtext,
  `remarks` mediumtext,
  `studyTime` double DEFAULT '40',
  `createdAt` datetime DEFAULT NULL,
  `updatedAt` datetime DEFAULT NULL,
  PRIMARY KEY (`id`),
  UNIQUE KEY `id_UNIQUE` (`id`),
  KEY `subject_idx` (`subjectId`),
  CONSTRAINT `subject` FOREIGN KEY (`subjectId`) REFERENCES `school_subject` (`id`)
) ENGINE=InnoDB AUTO_INCREMENT=50 DEFAULT CHARSET=utf8;
/*!40101 SET character_set_client = @saved_cs_client */;

--
-- Dumping data for table `course`
--

LOCK TABLES `course` WRITE;
/*!40000 ALTER TABLE `course` DISABLE KEYS */;
INSERT INTO `course` VALUES (39,11,'Sociaal politieke filosofie: \"Hoe denken de buren over mij?\"','Leer hier alles over de componenten van een Computer. Wat zit waar, en wat is waar voor nodig? Van Randapparatuur naar interne apparatuur, alles komt hier voorbij. 23567 TEST','',22,'2019-04-21 15:46:33','2020-04-08 08:21:54'),(40,11,'Ik weet niet wat ik nu moet doen!','XXXtest\n\n\n\n\ntest test','test',30,'2019-04-21 15:46:58','2020-05-09 07:17:31'),(41,11,'CSS: De Basis','Leer alles over de opmaak vn een website; vanaf het beginpunt. Ben je klaar met de saaie standaard HTML pagina\'s? Schrijf je dan nu in.','Je moet HTML: De Basis gevolg hebben!',34,'2019-04-21 15:47:10','2019-04-21 15:47:10'),(42,14,'Grafieken','Leer hier alles over grafieken. 123','',34,'2019-04-21 15:47:21','2019-11-08 09:59:33'),(43,14,'Meetkunde','Van driehoeken naar vierkanten, Stelling van Pythagoras en wet van Meuler, alles komt hier voorbij.',NULL,34,'2019-04-21 15:48:15','2019-04-21 15:48:15'),(44,15,'Een Module',' ',NULL,34,'2019-07-03 14:55:48','2019-07-03 14:55:48'),(45,14,'NieuweModule test test','Een betere omschrijving en nog een stukje tekst','',34,'2019-07-03 15:01:23','2019-07-14 08:31:13'),(46,14,'Basiscursus EHBO v','test','',40,'2019-07-14 08:35:35','2019-07-14 10:29:31'),(47,14,'Veterstrikken test','sjfklsdjklfjsdkl','',40,'2019-07-15 11:14:55','2019-07-15 11:15:53'),(48,15,'Testmodule11','abcdef','b',240,'2019-08-14 09:00:41','2019-08-14 09:31:46'),(49,16,'Test1234',' 77test2234hgij','sdfasfd',40,'2019-08-14 09:33:12','2019-08-20 05:53:07');
/*!40000 ALTER TABLE `course` ENABLE KEYS */;
UNLOCK TABLES;

--
-- Table structure for table `course_group`
--

DROP TABLE IF EXISTS `course_group`;
/*!40101 SET @saved_cs_client     = @@character_set_client */;
/*!40101 SET character_set_client = utf8 */;
CREATE TABLE `course_group` (
  `id` int(11) NOT NULL AUTO_INCREMENT,
  `courseId` int(11) NOT NULL,
  `day` varchar(45) DEFAULT NULL,
  `period` int(11) DEFAULT NULL,
  `schoolYear` varchar(45) DEFAULT NULL,
  `enrollableFor` mediumtext,
  `createdAt` datetime DEFAULT NULL,
  `updatedAt` datetime DEFAULT NULL,
  `graphId` varchar(64) DEFAULT NULL,
  `teamUrl` varchar(64) DEFAULT NULL,
  PRIMARY KEY (`id`),
  UNIQUE KEY `id_UNIQUE` (`id`),
  KEY `groupToCourse_idx` (`courseId`),
  CONSTRAINT `course_group_ibfk_1` FOREIGN KEY (`courseId`) REFERENCES `course` (`id`)
) ENGINE=InnoDB AUTO_INCREMENT=103 DEFAULT CHARSET=utf8;
/*!40101 SET character_set_client = @saved_cs_client */;

--
-- Dumping data for table `course_group`
--

LOCK TABLES `course_group` WRITE;
/*!40000 ALTER TABLE `course_group` DISABLE KEYS */;
INSERT INTO `course_group` VALUES (77,39,'donderdag',4,'2019/2020','HAVO 4','2019-04-21 15:54:11','2020-04-17 18:25:09','9aceb01d-8605-4c7c-87b6-5146de3f78a6',NULL),(79,40,'donderdag',3,'2019/2020','VWO 5, VWO 6','2019-04-21 16:04:17','2019-11-24 16:19:34','8f5b2746-99be-4eb5-b37f-9ceee869c18b',NULL),(80,41,'donderdag',1,'2019/2020','VWO 5, VWO 6','2019-04-21 16:04:20','2019-11-08 10:01:08','a2d919fd-79e8-449b-9de4-471f8e1f12cb',NULL),(81,42,'vrijdag',1,'2019/2020','','2019-04-21 16:04:24','2019-11-08 09:59:33','7716ad3b-1153-4ce4-a5c6-c13962188c0d',NULL),(82,43,'maandag',1,'2019/2020','','2019-04-21 16:04:27','2019-11-08 10:01:50','f46d0ebb-13f2-41e7-a8d5-d867e120cde4',NULL),(83,39,'woensdag',3,'2019/2020','HAVO 4','2019-04-21 16:04:31','2019-11-24 13:21:11','5fc6cef3-3bae-41e5-868d-9850bd581e21',NULL),(84,43,'dinsdag',1,'2019/2020','','2019-04-21 16:04:36','2019-11-22 15:42:10','45e90017-6156-4d34-a3ba-f7f0c9093cbd',NULL),(85,44,'maandag',1,'2018/2019',NULL,'2019-07-03 14:56:13','2019-07-03 14:56:13',NULL,NULL),(86,45,'maandag',1,'2016/2017',NULL,'2019-07-03 15:01:36','2019-07-03 15:01:36',NULL,NULL),(87,45,'woensdag',1,'2019/2020','','2019-07-12 09:55:31','2019-07-12 11:03:34','c2f26a6f-8269-4411-8852-8e6223d55bb2',NULL),(88,46,'maandag',1,'2019/2020',NULL,'2019-07-14 08:35:49','2019-07-14 08:35:50','849889ea-d898-4f3a-bb80-86adacc872f6',NULL),(89,47,'maandag',1,'2019/2020',NULL,'2019-07-15 11:15:05','2019-07-15 11:15:05','92009dc7-89b2-43f3-9bd4-92ea45b6e3bf',NULL),(90,48,'dinsdag',1,'2019/2020','c','2019-08-14 09:01:04','2019-08-14 09:15:46','765ae802-fc06-4336-8653-debbc11c5ce9',NULL),(91,49,'maandag',1,'2019/2020','asdfasdf','2019-08-14 09:33:32','2019-08-20 05:42:38','36fcf121-acc9-4c32-aafc-88ee367f1565',NULL),(92,48,'maandag',1,'2019/2020',NULL,'2019-08-15 17:40:35','2019-11-08 10:01:51','8d7582d9-d6a1-4632-ad4f-dbe7f2443120',NULL),(93,48,'maandag',1,'2019/2020',NULL,'2019-08-15 17:41:36','2019-08-15 17:41:37','7f8baea2-a9d9-41d8-8f2f-a6ea1467c446',NULL),(94,48,'maandag',1,'2019/2020',NULL,'2019-08-15 17:42:22','2019-08-15 17:42:23','d92fa421-be83-4062-adfb-107025280599',NULL),(95,48,'maandag',1,'2019/2020',NULL,'2019-08-15 17:53:01','2019-08-15 17:53:02','2c9b19a3-809e-464d-bf7b-be66d3198995',NULL),(96,48,'maandag',1,'2019/2020',NULL,'2019-08-15 17:58:00','2019-08-15 17:58:00','a4a27ae4-f604-4d40-9fdb-40a4efc6433b',NULL),(97,42,'maandag',1,'2019/2020',NULL,'2019-10-09 10:20:33','2019-10-09 10:20:33','9514b72a-b128-4ed2-bb12-9bcc5e22daff',NULL),(98,42,'maandag',1,'2019/2020',NULL,'2019-12-05 12:41:24','2019-12-05 12:41:25','2885d59b-b6a7-4797-a6c5-c8d82d8fd3ac',NULL),(99,42,'maandag',1,'2019/2020',NULL,'2019-12-05 12:44:55','2019-12-05 12:44:56','7cf5ba54-6d43-4e1c-a05f-14bc20ffebe8',NULL),(100,42,'maandag',1,'2019/2020',NULL,'2019-12-05 12:46:26','2019-12-05 12:46:27','ae317422-794e-49cc-a745-d3a06f452b33',NULL),(101,42,'maandag',1,'2019/2020',NULL,'2019-12-05 13:19:27','2019-12-05 13:19:27','547fb098-151a-4f4b-9ec0-fce02b29e350',NULL),(102,40,'maandag',1,'2019/2020',NULL,'2020-02-21 14:47:17','2020-02-21 14:47:18','f7a83329-09e7-4344-9f51-0c940db73065',NULL);
/*!40000 ALTER TABLE `course_group` ENABLE KEYS */;
UNLOCK TABLES;

--
-- Table structure for table `enrollment`
--

DROP TABLE IF EXISTS `enrollment`;
/*!40101 SET @saved_cs_client     = @@character_set_client */;
/*!40101 SET character_set_client = utf8 */;
CREATE TABLE `enrollment` (
  `id` int(11) NOT NULL AUTO_INCREMENT,
  `userId` int(11) NOT NULL,
  `courseGroupId` int(11) NOT NULL,
  `accepted` varchar(45) DEFAULT 'true',
  `createdAt` datetime DEFAULT NULL,
  `updatedAt` datetime DEFAULT NULL,
  UNIQUE KEY `id_UNIQUE` (`id`),
  KEY `choiceToUserId_idx` (`userId`),
  KEY `enrollmentToGroupId_idx` (`courseGroupId`),
  CONSTRAINT `enrollment.ibfk_1` FOREIGN KEY (`courseGroupId`) REFERENCES `course_group` (`id`),
  CONSTRAINT `enrollment.ibfk_2` FOREIGN KEY (`userId`) REFERENCES `user_data` (`id`)
) ENGINE=InnoDB AUTO_INCREMENT=87 DEFAULT CHARSET=utf8;
/*!40101 SET character_set_client = @saved_cs_client */;

--
-- Dumping data for table `enrollment`
--

LOCK TABLES `enrollment` WRITE;
/*!40000 ALTER TABLE `enrollment` DISABLE KEYS */;
INSERT INTO `enrollment` VALUES (32,19,83,'true',NULL,NULL),(33,20,84,'true','2019-07-19 15:00:20',NULL),(34,21,80,'true',NULL,'2019-07-19 15:00:22'),(36,23,84,'true',NULL,NULL),(37,24,83,'true',NULL,NULL),(38,26,80,'true',NULL,'2019-07-19 15:00:24'),(39,27,84,'true',NULL,NULL),(40,28,83,'true',NULL,NULL),(41,29,80,'true',NULL,NULL),(42,30,84,'true',NULL,NULL),(43,31,83,'true',NULL,NULL),(44,32,80,'true',NULL,NULL),(45,33,84,'true',NULL,NULL),(46,34,83,'true',NULL,NULL),(47,35,80,'true',NULL,NULL),(48,36,83,'true',NULL,NULL),(49,37,80,'true',NULL,NULL),(50,37,84,'true',NULL,NULL),(51,38,80,'true',NULL,NULL),(52,39,80,'true',NULL,NULL),(53,40,83,'true',NULL,NULL),(54,41,83,'true',NULL,NULL),(55,42,80,'true',NULL,NULL),(58,44,83,'true',NULL,NULL),(59,45,84,'true',NULL,NULL),(60,46,80,'true',NULL,NULL),(61,47,84,'true',NULL,NULL),(62,48,80,'true',NULL,NULL),(63,50,83,'true',NULL,NULL),(64,50,84,'true',NULL,NULL),(67,22,81,'true','2019-06-25 06:50:54','2019-08-20 07:18:22'),(68,65,79,'false','2019-08-31 18:41:32','2019-08-31 18:41:32'),(70,19,81,'true','2019-09-01 07:57:17','2019-09-01 09:51:44'),(86,43,79,'false','2019-11-24 14:47:16','2019-11-24 14:47:16');
/*!40000 ALTER TABLE `enrollment` ENABLE KEYS */;
UNLOCK TABLES;

--
-- Table structure for table `evaluation`
--

DROP TABLE IF EXISTS `evaluation`;
/*!40101 SET @saved_cs_client     = @@character_set_client */;
/*!40101 SET character_set_client = utf8 */;
CREATE TABLE `evaluation` (
  `id` int(11) NOT NULL AUTO_INCREMENT,
  `userId` int(11) NOT NULL,
  `courseId` int(11) NOT NULL,
  `type` varchar(45) DEFAULT 'decimal',
  `assesment` varchar(45) DEFAULT NULL,
  `explanation` mediumtext,
  `createdAt` datetime DEFAULT NULL,
  `updatedAt` datetime DEFAULT NULL,
  `updatedByIp` varchar(45) DEFAULT NULL,
  `updatedByUserId` int(11) DEFAULT NULL,
  PRIMARY KEY (`id`,`userId`,`courseId`),
  KEY `evaluationToUser_idx` (`userId`),
  KEY `evaluationToCourse_idx` (`courseId`),
  KEY `evaluation_ibfk_3_idx` (`updatedByUserId`),
  CONSTRAINT `evaluation_ibfk_1` FOREIGN KEY (`userId`) REFERENCES `user_data` (`id`),
  CONSTRAINT `evaluation_ibfk_2` FOREIGN KEY (`courseId`) REFERENCES `course` (`id`),
  CONSTRAINT `evaluation_ibfk_3` FOREIGN KEY (`updatedByUserId`) REFERENCES `user_data` (`id`)
) ENGINE=InnoDB AUTO_INCREMENT=331 DEFAULT CHARSET=utf8;
/*!40101 SET character_set_client = @saved_cs_client */;

--
-- Dumping data for table `evaluation`
--

LOCK TABLES `evaluation` WRITE;
/*!40000 ALTER TABLE `evaluation` DISABLE KEYS */;
INSERT INTO `evaluation` VALUES (12,38,39,'decimal','8,7','','2019-04-21 16:31:51','2019-04-21 16:31:51','127.0.0.1',17),(13,23,39,'decimal','5,6','','2019-04-21 16:31:51','2019-04-21 16:31:51','127.0.0.1',17),(14,20,39,'decimal','8,7','','2019-04-21 16:31:51','2019-04-21 16:31:51','127.0.0.1',17),(15,44,39,'decimal','5,7','','2019-04-21 16:31:51','2019-04-21 16:31:51','127.0.0.1',17),(16,18,39,'decimal','9,4','','2019-04-21 16:31:51','2019-04-21 16:31:51','127.0.0.1',17),(17,28,39,'decimal','7,4','','2019-04-21 16:31:51','2019-04-21 16:31:51','127.0.0.1',17),(18,56,39,'decimal','9,3','','2019-04-21 16:31:51','2019-04-21 16:31:51','127.0.0.1',17),(19,55,39,'decimal','2,6','','2019-04-21 16:31:51','2019-04-21 16:31:51','127.0.0.1',17),(20,21,39,'decimal','7,3','','2019-04-21 16:31:51','2019-04-21 16:31:51','127.0.0.1',17),(21,51,39,'decimal','9,4','','2019-04-21 16:31:51','2019-04-21 16:31:51','127.0.0.1',17),(22,24,39,'decimal','7,3','','2019-04-21 16:31:51','2019-04-21 16:31:51','127.0.0.1',17),(23,52,39,'decimal','5,3','','2019-04-21 16:31:51','2019-04-21 16:31:51','127.0.0.1',17),(24,31,39,'decimal','9,5','','2019-04-21 16:31:51','2019-04-21 16:31:51','127.0.0.1',17),(25,34,39,'decimal','5,4','','2019-04-21 16:31:51','2019-04-21 16:31:51','127.0.0.1',17),(26,27,39,'decimal','5,6','','2019-04-21 16:31:51','2019-04-21 16:31:51','127.0.0.1',17),(27,47,39,'decimal','8,3','','2019-04-21 16:31:51','2019-04-21 16:31:51','127.0.0.1',17),(28,44,39,'decimal','','','2019-04-21 16:33:54','2019-04-21 16:33:54','127.0.0.1',17),(29,52,39,'decimal','','','2019-04-21 16:33:54','2019-04-21 16:33:54','127.0.0.1',17),(30,27,39,'decimal','','','2019-04-21 16:33:54','2019-04-21 16:33:54','127.0.0.1',17),(31,40,40,'decimal','7,6','','2019-04-21 16:35:57','2019-04-21 16:35:57','127.0.0.1',17),(32,48,40,'decimal','5.6','','2019-04-21 16:35:57','2019-04-21 16:35:57','127.0.0.1',17),(33,55,40,'decimal','7.4','','2019-04-21 16:35:57','2019-04-21 16:35:57','127.0.0.1',17),(34,26,40,'decimal','4.6','','2019-04-21 16:35:57','2019-04-21 16:35:57','127.0.0.1',17),(35,46,40,'decimal','4.6','','2019-04-21 16:35:57','2019-04-21 16:35:57','127.0.0.1',17),(36,36,40,'decimal','7.5','','2019-04-21 16:35:57','2019-04-21 16:35:57','127.0.0.1',17),(37,37,40,'decimal','2,6','','2019-04-21 16:35:57','2019-04-21 16:35:57','127.0.0.1',17),(38,22,40,'decimal','6,8','','2019-04-21 16:35:57','2019-04-21 16:35:57','127.0.0.1',17),(39,43,40,'decimal','8,6','','2019-04-21 16:35:57','2019-04-21 16:35:57','127.0.0.1',17),(40,18,40,'decimal','6,8','','2019-04-21 16:35:57','2019-04-21 16:35:57','127.0.0.1',17),(41,33,40,'decimal','8,9','','2019-04-21 16:35:57','2019-04-21 16:35:57','127.0.0.1',17),(42,45,40,'decimal','3,4','','2019-04-21 16:35:57','2019-04-21 16:35:57','127.0.0.1',17),(43,52,40,'decimal','4,7','','2019-04-21 16:35:57','2019-04-21 16:35:57','127.0.0.1',17),(44,29,40,'decimal','8,9','','2019-04-21 16:35:57','2019-04-21 16:35:57','127.0.0.1',17),(45,50,40,'decimal','5,4','','2019-04-21 16:35:57','2019-04-21 16:35:57','127.0.0.1',17),(46,48,40,'decimal','5,6','','2019-04-21 16:36:22','2019-04-21 16:36:22','127.0.0.1',17),(47,55,40,'decimal','7,4','','2019-04-21 16:36:22','2019-04-21 16:36:22','127.0.0.1',17),(48,26,40,'decimal','4,6','','2019-04-21 16:36:22','2019-04-21 16:36:22','127.0.0.1',17),(49,46,40,'decimal','4,6','','2019-04-21 16:36:22','2019-04-21 16:36:22','127.0.0.1',17),(50,36,40,'decimal','7,5','','2019-04-21 16:36:22','2019-04-21 16:36:22','127.0.0.1',17),(51,41,42,'decimal','6,4','','2019-04-21 16:37:12','2019-04-21 16:37:12','127.0.0.1',17),(52,48,42,'decimal','5,7','','2019-04-21 16:37:12','2019-04-21 16:37:12','127.0.0.1',17),(53,25,42,'decimal','7,5','','2019-04-21 16:37:12','2019-04-21 16:37:12','127.0.0.1',17),(54,26,42,'decimal','4,6','','2019-04-21 16:37:12','2019-04-21 16:37:12','127.0.0.1',17),(55,28,42,'decimal','7,5','','2019-04-21 16:37:12','2019-04-21 16:37:12','127.0.0.1',17),(56,57,42,'decimal','8,5','','2019-04-21 16:37:12','2019-04-21 16:37:12','127.0.0.1',17),(57,32,42,'decimal','7,5','','2019-04-21 16:37:12','2019-04-21 16:37:12','127.0.0.1',17),(58,53,42,'decimal','7,9','','2019-04-21 16:37:12','2019-04-21 16:37:12','127.0.0.1',17),(59,44,42,'decimal','7,9','','2019-04-21 16:37:12','2019-04-21 16:37:12','127.0.0.1',17),(60,35,42,'decimal','6,8','','2019-04-21 16:37:12','2019-04-21 16:37:12','127.0.0.1',17),(61,43,42,'decimal','6,8','','2019-04-21 16:37:12','2019-04-21 16:37:12','127.0.0.1',17),(62,42,42,'decimal','5,8','','2019-04-21 16:37:12','2019-04-21 16:37:12','127.0.0.1',17),(63,19,42,'decimal','3,4','','2019-04-21 16:37:12','2019-04-21 16:37:12','127.0.0.1',17),(64,56,42,'decimal','9,4','','2019-04-21 16:37:12','2019-04-21 16:37:12','127.0.0.1',17),(65,49,42,'decimal','6,5','','2019-04-21 16:37:12','2019-04-21 16:37:12','127.0.0.1',17),(66,33,42,'decimal','6,7','','2019-04-21 16:37:12','2019-04-21 16:37:12','127.0.0.1',17),(67,38,42,'decimal','7,8','','2019-04-21 16:37:12','2019-04-21 16:37:12','127.0.0.1',17),(68,29,42,'decimal','7,6','','2019-04-21 16:37:12','2019-04-21 16:37:12','127.0.0.1',17),(69,34,42,'decimal','7,4','','2019-04-21 16:37:12','2019-04-21 16:37:12','127.0.0.1',17),(70,50,42,'decimal','3,6','','2019-04-21 16:37:12','2019-04-21 16:37:12','127.0.0.1',17),(71,54,42,'decimal','6,5','','2019-04-21 16:37:12','2019-04-21 16:37:12','127.0.0.1',17),(72,40,43,'decimal','6,5','','2019-04-21 16:38:25','2019-04-21 16:38:25','127.0.0.1',17),(73,57,43,'decimal','7,5','','2019-04-21 16:38:25','2019-04-21 16:38:25','127.0.0.1',17),(74,46,43,'decimal','4,7','','2019-04-21 16:38:25','2019-04-21 16:38:25','127.0.0.1',17),(75,25,43,'decimal','8,5','','2019-04-21 16:38:25','2019-04-21 16:38:25','127.0.0.1',17),(76,37,43,'decimal','8,6','','2019-04-21 16:38:25','2019-04-21 16:38:25','127.0.0.1',17),(77,36,43,'decimal','4,6','','2019-04-21 16:38:25','2019-04-21 16:38:25','127.0.0.1',17),(78,32,43,'decimal','7,5','','2019-04-21 16:38:25','2019-04-21 16:38:25','127.0.0.1',17),(79,35,43,'decimal','3,6','','2019-04-21 16:38:25','2019-04-21 16:38:25','127.0.0.1',17),(80,22,43,'decimal','7,6','','2019-04-21 16:38:25','2019-04-21 16:38:25','127.0.0.1',17),(81,19,43,'decimal','8,5','','2019-04-21 16:38:25','2019-04-21 16:38:25','127.0.0.1',17),(82,42,43,'decimal','7,3','','2019-04-21 16:38:25','2019-04-21 16:38:25','127.0.0.1',17),(83,49,43,'decimal','8,5','','2019-04-21 16:38:25','2019-04-21 16:38:25','127.0.0.1',17),(84,51,43,'decimal','8,4','','2019-04-21 16:38:25','2019-04-21 16:38:25','127.0.0.1',17),(85,45,43,'decimal','7,8','','2019-04-21 16:38:25','2019-04-21 16:38:25','127.0.0.1',17),(86,31,43,'decimal','9,5','','2019-04-21 16:38:25','2019-04-21 16:38:25','127.0.0.1',17),(87,27,43,'decimal','5,7','','2019-04-21 16:38:25','2019-04-21 16:38:25','127.0.0.1',17),(88,41,43,'decimal','7,3','','2019-04-21 16:38:25','2019-04-21 16:38:25','127.0.0.1',17),(89,54,43,'decimal','3,7','','2019-04-21 16:38:25','2019-04-21 16:38:25','127.0.0.1',17),(90,47,43,'decimal','8,5','','2019-04-21 16:38:25','2019-04-21 16:38:25','127.0.0.1',17),(91,20,43,'decimal','8,0','','2019-04-21 16:38:25','2019-04-21 16:38:25','127.0.0.1',17),(92,38,39,'decimal','6,5','','2019-04-21 17:58:52','2019-04-21 17:58:52','127.0.0.1',17),(93,28,39,'decimal','7,6','','2019-04-21 17:58:52','2019-04-21 17:58:52','127.0.0.1',17),(94,44,39,'decimal','5,6','','2019-04-21 17:58:52','2019-04-21 17:58:52','127.0.0.1',17),(95,18,39,'decimal','8,3','','2019-04-21 17:58:52','2019-04-21 17:58:52','127.0.0.1',17),(96,56,39,'decimal','6,5','','2019-04-21 17:58:52','2019-04-21 17:58:52','127.0.0.1',17),(97,55,39,'decimal','4,5','','2019-04-21 17:58:52','2019-04-21 17:58:52','127.0.0.1',17),(98,51,39,'decimal','4,5','','2019-04-21 17:58:52','2019-04-21 17:58:52','127.0.0.1',17),(99,52,39,'decimal','9,5','','2019-04-21 17:58:52','2019-04-21 17:58:52','127.0.0.1',17),(100,31,39,'decimal','4,6','','2019-04-21 17:58:52','2019-04-21 17:58:52','127.0.0.1',17),(101,23,39,'decimal','7,5','','2019-04-21 17:58:52','2019-04-21 17:58:52','127.0.0.1',17),(102,34,39,'decimal','1,0','','2019-04-21 17:58:52','2019-04-21 17:58:52','127.0.0.1',17),(103,27,39,'decimal','5,7','','2019-04-21 17:58:52','2019-04-21 17:58:52','127.0.0.1',17),(104,47,39,'decimal','4,7','','2019-04-21 17:58:52','2019-04-21 17:58:52','127.0.0.1',17),(105,20,39,'decimal','6,7','','2019-04-21 17:58:52','2019-04-21 17:58:52','127.0.0.1',17),(106,34,39,'decimal','1,0','Niet aanwezig bij toets','2019-04-21 21:38:34','2019-04-21 21:38:34','127.0.0.1',17),(107,41,42,'decimal','5,4','','2019-04-21 21:48:48','2019-04-21 21:48:48','127.0.0.1',17),(108,57,42,'decimal','6,7','','2019-04-21 21:48:48','2019-04-21 21:48:48','127.0.0.1',17),(109,28,42,'decimal','7,7','','2019-04-21 21:48:48','2019-04-21 21:48:48','127.0.0.1',17),(110,25,42,'decimal','3,5','','2019-04-21 21:48:48','2019-04-21 21:48:48','127.0.0.1',17),(111,48,42,'decimal','7,6','','2019-04-21 21:48:48','2019-04-21 21:48:48','127.0.0.1',17),(112,26,42,'decimal','6,8','','2019-04-21 21:48:48','2019-04-21 21:48:48','127.0.0.1',17),(113,32,42,'decimal','6,6','','2019-04-21 21:48:48','2019-04-21 21:48:48','127.0.0.1',17),(114,53,42,'decimal','4,7','','2019-04-21 21:48:48','2019-04-21 21:48:48','127.0.0.1',17),(115,44,42,'decimal','8,5','','2019-04-21 21:48:48','2019-04-21 21:48:48','127.0.0.1',17),(116,35,42,'decimal','9,5','','2019-04-21 21:48:48','2019-04-21 21:48:48','127.0.0.1',17),(117,43,42,'decimal','6,9','','2019-04-21 21:48:48','2019-04-21 21:48:48','127.0.0.1',17),(118,21,42,'decimal','1,0','Niet aanwezig','2019-04-21 21:48:48','2019-04-21 21:48:48','127.0.0.1',17),(119,42,42,'decimal','4,7','','2019-04-21 21:48:48','2019-04-21 21:48:48','127.0.0.1',17),(120,19,42,'decimal','8,4','','2019-04-21 21:48:48','2019-04-21 21:48:48','127.0.0.1',17),(121,56,42,'decimal','6,7','','2019-04-21 21:48:48','2019-04-21 21:48:48','127.0.0.1',17),(122,49,42,'decimal','6,7','','2019-04-21 21:48:48','2019-04-21 21:48:48','127.0.0.1',17),(123,38,42,'decimal','4,5','','2019-04-21 21:48:48','2019-04-21 21:48:48','127.0.0.1',17),(124,34,42,'decimal','','Afgekeken: Nader te bespreken','2019-04-21 21:48:48','2019-04-21 21:48:48','127.0.0.1',17),(125,40,40,'decimal','5,6','','2019-04-21 21:51:08','2019-04-21 21:51:08','127.0.0.1',17),(126,48,40,'decimal','4,5','','2019-04-21 21:51:08','2019-04-21 21:51:08','127.0.0.1',17),(127,55,40,'decimal','7,5','','2019-04-21 21:51:08','2019-04-21 21:51:08','127.0.0.1',17),(128,26,40,'decimal','8,7','','2019-04-21 21:51:08','2019-04-21 21:51:08','127.0.0.1',17),(129,53,40,'decimal','5,7','','2019-04-21 21:51:08','2019-04-21 21:51:08','127.0.0.1',17),(130,36,40,'decimal','8,7','','2019-04-21 21:51:08','2019-04-21 21:51:08','127.0.0.1',17),(131,46,40,'decimal','8,7','','2019-04-21 21:51:08','2019-04-21 21:51:08','127.0.0.1',17),(132,37,40,'decimal','8,0','','2019-04-21 21:51:08','2019-04-21 21:51:08','127.0.0.1',17),(133,22,40,'decimal','9,0','','2019-04-21 21:51:08','2019-04-21 21:51:08','127.0.0.1',17),(134,43,40,'decimal','7,9','','2019-04-21 21:51:08','2019-04-21 21:51:08','127.0.0.1',17),(135,18,40,'decimal','6,9','','2019-04-21 21:51:08','2019-04-21 21:51:08','127.0.0.1',17),(136,33,40,'decimal','7,6','','2019-04-21 21:51:08','2019-04-21 21:51:08','127.0.0.1',17),(137,45,40,'decimal','5,8','','2019-04-21 21:51:08','2019-04-21 21:51:08','127.0.0.1',17),(138,24,40,'decimal','8,7','','2019-04-21 21:51:08','2019-04-21 21:51:08','127.0.0.1',17),(139,52,40,'decimal','6,7','','2019-04-21 21:51:08','2019-04-21 21:51:08','127.0.0.1',17),(140,29,40,'decimal','9,7','','2019-04-21 21:51:08','2019-04-21 21:51:08','127.0.0.1',17),(141,50,40,'decimal','6,7','','2019-04-21 21:51:08','2019-04-21 21:51:08','127.0.0.1',17),(142,40,43,'decimal','6,6','','2019-04-21 21:51:50','2019-04-21 21:51:50','127.0.0.1',17),(143,57,43,'decimal','4,5','','2019-04-21 21:51:50','2019-04-21 21:51:50','127.0.0.1',17),(144,46,43,'decimal','6,5','','2019-04-21 21:51:50','2019-04-21 21:51:50','127.0.0.1',17),(145,25,43,'decimal','5,6','','2019-04-21 21:51:50','2019-04-21 21:51:50','127.0.0.1',17),(146,37,43,'decimal','7,6','','2019-04-21 21:51:50','2019-04-21 21:51:50','127.0.0.1',17),(147,36,43,'decimal','5,6','','2019-04-21 21:51:50','2019-04-21 21:51:50','127.0.0.1',17),(148,32,43,'decimal','8,7','','2019-04-21 21:51:50','2019-04-21 21:51:50','127.0.0.1',17),(149,35,43,'decimal','8,8','','2019-04-21 21:51:50','2019-04-21 21:51:50','127.0.0.1',17),(150,22,43,'decimal','9,4','','2019-04-21 21:51:50','2019-04-21 21:51:50','127.0.0.1',17),(151,19,43,'decimal','3,5','','2019-04-21 21:51:50','2019-04-21 21:51:50','127.0.0.1',17),(152,42,43,'decimal','6,5','','2019-04-21 21:51:50','2019-04-21 21:51:50','127.0.0.1',17),(153,49,43,'decimal','5,5','','2019-04-21 21:51:50','2019-04-21 21:51:50','127.0.0.1',17),(154,51,43,'decimal','4,6','','2019-04-21 21:51:50','2019-04-21 21:51:50','127.0.0.1',17),(155,45,43,'decimal','7,5','','2019-04-21 21:51:50','2019-04-21 21:51:50','127.0.0.1',17),(156,31,43,'decimal','8,2','','2019-04-21 21:51:50','2019-04-21 21:51:50','127.0.0.1',17),(157,27,43,'decimal','2,4','','2019-04-21 21:51:50','2019-04-21 21:51:50','127.0.0.1',17),(158,41,43,'decimal','7,5','','2019-04-21 21:51:50','2019-04-21 21:51:50','127.0.0.1',17),(159,54,43,'decimal','7,2','','2019-04-21 21:51:50','2019-04-21 21:51:50','127.0.0.1',17),(160,47,43,'decimal','8,8','','2019-04-21 21:51:50','2019-04-21 21:51:50','127.0.0.1',17),(161,20,43,'decimal','6,8','','2019-04-21 21:51:50','2019-04-21 21:51:50','127.0.0.1',17),(162,38,39,'decimal','6,7','','2019-04-21 21:57:12','2019-04-21 21:57:12','127.0.0.1',17),(163,18,39,'decimal','5,4','','2019-04-21 21:57:12','2019-04-21 21:57:12','127.0.0.1',17),(164,21,39,'decimal','3,5','','2019-04-21 21:57:12','2019-04-21 21:57:12','127.0.0.1',17),(165,56,39,'decimal','7,6','','2019-04-21 21:57:12','2019-04-21 21:57:12','127.0.0.1',17),(166,55,39,'decimal','8,8','','2019-04-21 21:57:12','2019-04-21 21:57:12','127.0.0.1',17),(167,28,39,'decimal','6,7','','2019-04-21 21:57:12','2019-04-21 21:57:12','127.0.0.1',17),(168,44,39,'decimal','5,7','','2019-04-21 21:57:12','2019-04-21 21:57:12','127.0.0.1',17),(169,51,39,'decimal','8,6','','2019-04-21 21:57:12','2019-04-21 21:57:12','127.0.0.1',17),(170,24,39,'decimal','8,8','','2019-04-21 21:57:12','2019-04-21 21:57:12','127.0.0.1',17),(171,52,39,'decimal','7,6','','2019-04-21 21:57:12','2019-04-21 21:57:12','127.0.0.1',17),(172,31,39,'decimal','6,7','','2019-04-21 21:57:12','2019-04-21 21:57:12','127.0.0.1',17),(173,23,39,'decimal','5,6','','2019-04-21 21:57:12','2019-04-21 21:57:12','127.0.0.1',17),(174,34,39,'decimal','6,4','','2019-04-21 21:57:12','2019-04-21 21:57:12','127.0.0.1',17),(175,27,39,'decimal','5,7','','2019-04-21 21:57:12','2019-04-21 21:57:12','127.0.0.1',17),(176,47,39,'decimal','7,8','','2019-04-21 21:57:12','2019-04-21 21:57:12','127.0.0.1',17),(177,20,39,'decimal','6,7','','2019-04-21 21:57:12','2019-04-21 21:57:12','127.0.0.1',17),(178,40,40,'decimal','5,6','','2019-04-21 21:57:49','2019-04-21 21:57:49','127.0.0.1',17),(179,46,40,'decimal','5,6','','2019-04-21 21:57:49','2019-04-21 21:57:49','127.0.0.1',17),(180,36,40,'decimal','7,6','','2019-04-21 21:57:49','2019-04-21 21:57:49','127.0.0.1',17),(181,37,40,'decimal','5,4','','2019-04-21 21:57:49','2019-04-21 21:57:49','127.0.0.1',17),(182,22,40,'decimal','8,8','','2019-04-21 21:57:49','2019-04-21 21:57:49','127.0.0.1',17),(183,45,40,'decimal','5,6','','2019-04-21 21:57:49','2019-04-21 21:57:49','127.0.0.1',17),(184,24,40,'decimal','8,7','','2019-04-21 21:57:49','2019-04-21 21:57:49','127.0.0.1',17),(185,52,40,'decimal','8,9','','2019-04-21 21:57:49','2019-04-21 21:57:49','127.0.0.1',17),(186,29,40,'decimal','8,7','','2019-04-21 21:57:49','2019-04-21 21:57:49','127.0.0.1',17),(187,41,42,'check','failed','','2019-04-21 21:59:41','2019-04-21 21:59:41','127.0.0.1',17),(188,48,42,'check','passed','','2019-04-21 21:59:41','2019-04-21 21:59:41','127.0.0.1',17),(189,25,42,'check','passed','','2019-04-21 21:59:41','2019-04-21 21:59:41','127.0.0.1',17),(190,26,42,'check','passed','','2019-04-21 21:59:41','2019-04-21 21:59:41','127.0.0.1',17),(191,28,42,'check','ND','','2019-04-21 21:59:41','2019-04-21 21:59:41','127.0.0.1',17),(192,57,42,'check','passed','','2019-04-21 21:59:41','2019-04-21 21:59:41','127.0.0.1',17),(193,32,42,'check','passed','','2019-04-21 21:59:41','2019-04-21 21:59:41','127.0.0.1',17),(194,53,42,'check','failed','','2019-04-21 21:59:41','2019-04-21 21:59:41','127.0.0.1',17),(195,44,42,'check','','','2019-04-21 21:59:41','2019-04-21 21:59:41','127.0.0.1',17),(196,43,42,'check','passed','','2019-04-21 21:59:41','2019-04-21 21:59:41','127.0.0.1',17),(197,35,42,'check','passed','','2019-04-21 21:59:41','2019-04-21 21:59:41','127.0.0.1',17),(198,42,42,'check','passed','','2019-04-21 21:59:41','2019-04-21 21:59:41','127.0.0.1',17),(199,21,42,'check','passed','','2019-04-21 21:59:41','2019-04-21 21:59:41','127.0.0.1',17),(200,19,42,'check','passed','','2019-04-21 21:59:41','2019-04-21 21:59:41','127.0.0.1',17),(201,56,42,'check','passed','','2019-04-21 21:59:41','2019-04-21 21:59:41','127.0.0.1',17),(202,49,42,'check','failed','','2019-04-21 21:59:41','2019-04-21 21:59:41','127.0.0.1',17),(203,33,42,'check','passed','','2019-04-21 21:59:41','2019-04-21 21:59:41','127.0.0.1',17),(204,38,42,'check','passed','','2019-04-21 21:59:41','2019-04-21 21:59:41','127.0.0.1',17),(205,29,42,'check','ND','','2019-04-21 21:59:41','2019-04-21 21:59:41','127.0.0.1',17),(206,34,42,'check','ND','','2019-04-21 21:59:41','2019-04-21 21:59:41','127.0.0.1',17),(207,50,42,'check','passed','','2019-04-21 21:59:41','2019-04-21 21:59:41','127.0.0.1',17),(208,54,42,'check','failed','','2019-04-21 21:59:41','2019-04-21 21:59:41','127.0.0.1',17),(209,40,43,'stepwise','V','','2019-04-21 22:33:54','2019-04-21 22:33:54','127.0.0.1',17),(210,57,43,'stepwise','G','','2019-04-21 22:33:54','2019-04-21 22:33:54','127.0.0.1',17),(211,46,43,'stepwise','','','2019-04-21 22:33:54','2019-04-21 22:33:54','127.0.0.1',17),(212,25,43,'stepwise','O','','2019-04-21 22:33:54','2019-04-21 22:33:54','127.0.0.1',17),(213,37,43,'stepwise','G','','2019-04-21 22:33:54','2019-04-21 22:33:54','127.0.0.1',17),(214,36,43,'stepwise','','','2019-04-21 22:33:54','2019-04-21 22:33:54','127.0.0.1',17),(215,32,43,'stepwise','V','','2019-04-21 22:33:54','2019-04-21 22:33:54','127.0.0.1',17),(216,35,43,'stepwise','G','','2019-04-21 22:33:54','2019-04-21 22:33:54','127.0.0.1',17),(217,22,43,'stepwise','V','','2019-04-21 22:33:54','2019-04-21 22:33:54','127.0.0.1',17),(218,19,43,'stepwise','G','','2019-04-21 22:33:54','2019-04-21 22:33:54','127.0.0.1',17),(219,42,43,'stepwise','ND','','2019-04-21 22:33:54','2019-04-21 22:33:54','127.0.0.1',17),(220,49,43,'stepwise','O','','2019-04-21 22:33:54','2019-04-21 22:33:54','127.0.0.1',17),(221,51,43,'stepwise','O','','2019-04-21 22:33:54','2019-04-21 22:33:54','127.0.0.1',17),(222,45,43,'stepwise','O','','2019-04-21 22:33:54','2019-04-21 22:33:54','127.0.0.1',17),(223,31,43,'stepwise','G','','2019-04-21 22:33:54','2019-04-21 22:33:54','127.0.0.1',17),(224,27,43,'stepwise','V','','2019-04-21 22:33:54','2019-04-21 22:33:54','127.0.0.1',17),(225,41,43,'stepwise','G','','2019-04-21 22:33:54','2019-04-21 22:33:54','127.0.0.1',17),(226,54,43,'stepwise','V','','2019-04-21 22:33:54','2019-04-21 22:33:54','127.0.0.1',17),(227,47,43,'stepwise','G','','2019-04-21 22:33:54','2019-04-21 22:33:54','127.0.0.1',17),(228,20,43,'stepwise','V','','2019-04-21 22:33:54','2019-04-21 22:33:54','127.0.0.1',17),(229,21,39,'decimal','ND','','2019-07-01 11:33:32','2019-07-01 11:33:32','127.0.0.1',60),(230,20,39,'check','6,7','','2019-08-15 18:21:34','2019-08-15 18:21:34','127.0.0.1',60),(231,21,39,'check','ND','','2019-08-15 18:21:34','2019-08-15 18:21:34','127.0.0.1',60),(232,18,39,'check','5,4','','2019-08-15 18:21:34','2019-08-15 18:21:34','127.0.0.1',60),(233,24,39,'check','8,8','','2019-08-15 18:21:34','2019-08-15 18:21:34','127.0.0.1',60),(234,27,39,'check','5,7','','2019-08-15 18:21:34','2019-08-15 18:21:34','127.0.0.1',60),(235,31,39,'check','6,7','','2019-08-15 18:21:34','2019-08-15 18:21:34','127.0.0.1',60),(236,28,39,'check','6,7','','2019-08-15 18:21:34','2019-08-15 18:21:34','127.0.0.1',60),(237,34,39,'check','6,4','','2019-08-15 18:21:34','2019-08-15 18:21:34','127.0.0.1',60),(238,38,39,'check','6,7','','2019-08-15 18:21:34','2019-08-15 18:21:34','127.0.0.1',60),(239,44,39,'check','5,7','','2019-08-15 18:21:34','2019-08-15 18:21:34','127.0.0.1',60),(240,47,39,'check','7,8','','2019-08-15 18:21:34','2019-08-15 18:21:34','127.0.0.1',60),(241,51,39,'check','8,6','','2019-08-15 18:21:34','2019-08-15 18:21:34','127.0.0.1',60),(242,52,39,'check','7,6','','2019-08-15 18:21:34','2019-08-15 18:21:34','127.0.0.1',60),(243,55,39,'check','8,8','','2019-08-15 18:21:34','2019-08-15 18:21:34','127.0.0.1',60),(244,56,39,'check','7,6','','2019-08-15 18:21:34','2019-08-15 18:21:34','127.0.0.1',60),(245,23,39,'check','5,6','','2019-08-15 18:21:34','2019-08-15 18:21:34','127.0.0.1',60),(246,59,39,'check','','','2019-08-15 18:21:34','2019-08-15 18:21:34','127.0.0.1',60),(247,18,39,'check','failed','','2019-08-15 18:21:40','2019-08-15 18:21:40','127.0.0.1',60),(248,18,40,'decimal','6,8','','2019-12-05 12:36:12','2019-12-05 12:36:12','127.0.0.1',60),(249,18,40,'decimal','6,9','','2020-03-01 11:05:27','2020-03-01 11:05:27','127.0.0.1',66),(250,18,40,'decimal','6,8','','2020-03-01 11:20:27','2020-03-01 11:20:27','127.0.0.1',66),(251,18,45,'decimal','1,1','','2020-03-01 11:27:38','2020-03-01 11:27:38','127.0.0.1',66),(252,18,40,'decimal','6,9','','2020-03-01 11:34:53','2020-03-01 11:34:53','127.0.0.1',66),(253,54,48,'decimal','3','','2020-03-01 11:37:53','2020-03-01 11:37:53','127.0.0.1',66),(254,54,48,'decimal','3','test','2020-03-01 11:38:14','2020-03-01 11:38:14','127.0.0.1',66),(255,66,40,'decimal','9,0','Een test uitleg!!!','2020-03-01 13:12:50','2020-03-01 13:12:50','127.0.0.1',66),(256,18,40,'decimal','8,0','','2020-03-10 12:41:36','2020-03-10 12:41:36',NULL,66),(257,18,40,'decimal','7,7','','2020-03-10 12:42:29','2020-03-10 12:42:29',NULL,66),(258,18,40,'decimal','8,0','','2020-03-10 12:44:36','2020-03-10 12:44:36',NULL,66),(259,18,40,'decimal','8,5','','2020-03-10 12:47:00','2020-03-10 12:47:00',NULL,66),(260,18,40,'decimal','9,5','','2020-03-10 13:00:38','2020-03-10 13:00:38',NULL,66),(261,18,40,'decimal','10,0','','2020-03-10 13:02:00','2020-03-10 13:02:00',NULL,66),(262,18,40,'decimal','1,0','','2020-03-10 13:04:24','2020-03-10 13:04:24',NULL,66),(263,18,40,'decimal','2,0','','2020-03-10 13:05:50','2020-03-10 13:05:50',NULL,66),(264,18,40,'decimal','3,0','','2020-03-10 13:07:33','2020-03-10 13:07:33',NULL,66),(265,18,40,'decimal','4,0','','2020-03-10 13:09:51','2020-03-10 13:09:51',NULL,66),(266,63,49,'decimal','8','','2020-04-06 11:07:14','2020-04-06 11:07:14',NULL,60),(267,18,49,'decimal','8','','2020-04-06 11:07:14','2020-04-06 11:07:14',NULL,60),(268,18,39,'check','passed','','2020-04-06 15:23:12','2020-04-06 15:23:12',NULL,60),(269,18,41,'decimal','5,5','','2020-04-06 15:23:33','2020-04-06 15:23:33',NULL,60),(270,18,43,'stepwise','V','','2020-04-06 15:25:18','2020-04-06 15:25:18',NULL,60),(271,18,45,'decimal','6,0','','2020-04-06 15:27:51','2020-04-06 15:27:51',NULL,60),(272,18,48,'decimal','7,0','','2020-04-06 15:29:09','2020-04-06 15:29:09',NULL,60),(273,18,39,'check','failed','','2020-04-18 09:13:46','2020-04-18 09:13:46',NULL,60),(274,18,39,'check','passed','','2020-04-18 09:15:10','2020-04-18 09:15:10',NULL,60),(275,18,39,'stepwise','V','','2020-04-18 09:16:32','2020-04-18 09:16:32',NULL,60),(276,20,39,'stepwise','6,7','','2020-04-18 09:16:32','2020-04-18 09:16:32',NULL,60),(277,21,39,'stepwise','ND','','2020-04-18 09:16:32','2020-04-18 09:16:32',NULL,60),(278,24,39,'stepwise','8,8','','2020-04-18 09:16:32','2020-04-18 09:16:32',NULL,60),(279,27,39,'stepwise','5,7','','2020-04-18 09:16:32','2020-04-18 09:16:32',NULL,60),(280,28,39,'stepwise','6,7','','2020-04-18 09:16:32','2020-04-18 09:16:32',NULL,60),(281,31,39,'stepwise','6,7','','2020-04-18 09:16:32','2020-04-18 09:16:32',NULL,60),(282,34,39,'stepwise','6,4','','2020-04-18 09:16:32','2020-04-18 09:16:32',NULL,60),(283,38,39,'stepwise','6,7','','2020-04-18 09:16:32','2020-04-18 09:16:32',NULL,60),(284,44,39,'stepwise','5,7','','2020-04-18 09:16:32','2020-04-18 09:16:32',NULL,60),(285,47,39,'stepwise','7,8','','2020-04-18 09:16:32','2020-04-18 09:16:32',NULL,60),(286,51,39,'stepwise','8,6','','2020-04-18 09:16:32','2020-04-18 09:16:32',NULL,60),(287,52,39,'stepwise','7,6','','2020-04-18 09:16:32','2020-04-18 09:16:32',NULL,60),(288,55,39,'stepwise','8,8','','2020-04-18 09:16:32','2020-04-18 09:16:32',NULL,60),(289,56,39,'stepwise','7,6','','2020-04-18 09:16:32','2020-04-18 09:16:32',NULL,60),(290,23,39,'stepwise','5,6','','2020-04-18 09:16:32','2020-04-18 09:16:32',NULL,60),(291,59,39,'stepwise','','','2020-04-18 09:16:32','2020-04-18 09:16:32',NULL,60),(292,18,39,'stepwise','O','','2020-04-18 09:17:36','2020-04-18 09:17:36',NULL,60),(293,18,39,'stepwise','V','','2020-04-18 09:18:12','2020-04-18 09:18:12',NULL,60),(294,18,39,'decimal','6,0','','2020-04-18 09:19:01','2020-04-18 09:19:01',NULL,60),(295,20,39,'decimal','6,7','','2020-04-18 09:19:01','2020-04-18 09:19:01',NULL,60),(296,21,39,'decimal','ND','','2020-04-18 09:19:01','2020-04-18 09:19:01',NULL,60),(297,24,39,'decimal','8,8','','2020-04-18 09:19:01','2020-04-18 09:19:01',NULL,60),(298,27,39,'decimal','5,7','','2020-04-18 09:19:01','2020-04-18 09:19:01',NULL,60),(299,28,39,'decimal','6,7','','2020-04-18 09:19:01','2020-04-18 09:19:01',NULL,60),(300,31,39,'decimal','6,7','','2020-04-18 09:19:01','2020-04-18 09:19:01',NULL,60),(301,34,39,'decimal','6,4','','2020-04-18 09:19:01','2020-04-18 09:19:01',NULL,60),(302,38,39,'decimal','6,7','','2020-04-18 09:19:01','2020-04-18 09:19:01',NULL,60),(303,44,39,'decimal','5,7','','2020-04-18 09:19:01','2020-04-18 09:19:01',NULL,60),(304,47,39,'decimal','7,8','','2020-04-18 09:19:01','2020-04-18 09:19:01',NULL,60),(305,51,39,'decimal','8,6','','2020-04-18 09:19:01','2020-04-18 09:19:01',NULL,60),(306,52,39,'decimal','7,6','','2020-04-18 09:19:01','2020-04-18 09:19:01',NULL,60),(307,55,39,'decimal','8,8','','2020-04-18 09:19:01','2020-04-18 09:19:01',NULL,60),(308,56,39,'decimal','7,6','','2020-04-18 09:19:01','2020-04-18 09:19:01',NULL,60),(309,23,39,'decimal','5,6','','2020-04-18 09:19:01','2020-04-18 09:19:01',NULL,60),(310,59,39,'decimal','','','2020-04-18 09:19:01','2020-04-18 09:19:01',NULL,60),(311,18,39,'decimal','6,1','','2020-04-18 09:20:23','2020-04-18 09:20:23',NULL,60),(312,18,39,'decimal','5,0','','2020-04-18 09:20:34','2020-04-18 09:20:34',NULL,60),(313,18,39,'decimal','6,0','','2020-04-18 09:20:43','2020-04-18 09:20:43',NULL,60),(314,18,39,'stepwise','V','','2020-04-18 09:20:53','2020-04-18 09:20:53',NULL,60),(315,20,39,'stepwise','6,7','','2020-04-18 09:20:53','2020-04-18 09:20:53',NULL,60),(316,21,39,'stepwise','ND','','2020-04-18 09:20:53','2020-04-18 09:20:53',NULL,60),(317,24,39,'stepwise','8,8','','2020-04-18 09:20:53','2020-04-18 09:20:53',NULL,60),(318,27,39,'stepwise','5,7','','2020-04-18 09:20:53','2020-04-18 09:20:53',NULL,60),(319,28,39,'stepwise','6,7','','2020-04-18 09:20:53','2020-04-18 09:20:53',NULL,60),(320,31,39,'stepwise','6,7','','2020-04-18 09:20:53','2020-04-18 09:20:53',NULL,60),(321,34,39,'stepwise','6,4','','2020-04-18 09:20:53','2020-04-18 09:20:53',NULL,60),(322,38,39,'stepwise','6,7','','2020-04-18 09:20:53','2020-04-18 09:20:53',NULL,60),(323,44,39,'stepwise','5,7','','2020-04-18 09:20:53','2020-04-18 09:20:53',NULL,60),(324,47,39,'stepwise','7,8','','2020-04-18 09:20:53','2020-04-18 09:20:53',NULL,60),(325,51,39,'stepwise','8,6','','2020-04-18 09:20:53','2020-04-18 09:20:53',NULL,60),(326,52,39,'stepwise','7,6','','2020-04-18 09:20:53','2020-04-18 09:20:53',NULL,60),(327,55,39,'stepwise','8,8','','2020-04-18 09:20:53','2020-04-18 09:20:53',NULL,60),(328,56,39,'stepwise','7,6','','2020-04-18 09:20:53','2020-04-18 09:20:53',NULL,60),(329,23,39,'stepwise','5,6','','2020-04-18 09:20:53','2020-04-18 09:20:53',NULL,60),(330,59,39,'stepwise','','','2020-04-18 09:20:53','2020-04-18 09:20:53',NULL,60);
/*!40000 ALTER TABLE `evaluation` ENABLE KEYS */;
UNLOCK TABLES;

--
-- Table structure for table `lesson`
--

DROP TABLE IF EXISTS `lesson`;
/*!40101 SET @saved_cs_client     = @@character_set_client */;
/*!40101 SET character_set_client = utf8 */;
CREATE TABLE `lesson` (
  `id` int(11) NOT NULL AUTO_INCREMENT,
  `courseGroupId` int(11) DEFAULT NULL,
  `date` date DEFAULT NULL,
  `kind` varchar(45) DEFAULT NULL,
  `activities` mediumtext,
  `numberInBlock` int(11) DEFAULT NULL,
  `subject` mediumtext,
  `presence` varchar(45) DEFAULT 'required',
  `createdAt` datetime DEFAULT NULL,
  `updatedAt` datetime DEFAULT NULL,
  PRIMARY KEY (`id`),
  UNIQUE KEY `id_UNIQUE` (`id`),
  KEY `lessonToGroupId_idx` (`courseGroupId`),
  CONSTRAINT `lesson_ibfk_1` FOREIGN KEY (`courseGroupId`) REFERENCES `course_group` (`id`)
) ENGINE=InnoDB AUTO_INCREMENT=2283 DEFAULT CHARSET=utf8;
/*!40101 SET character_set_client = @saved_cs_client */;

--
-- Dumping data for table `lesson`
--

LOCK TABLES `lesson` WRITE;
/*!40000 ALTER TABLE `lesson` DISABLE KEYS */;
INSERT INTO `lesson` VALUES (2022,77,'2020-04-02','Theorie',NULL,1,'Inleiding 22','required','2019-04-21 15:54:11','2020-04-17 18:25:09'),(2023,77,'2020-04-09','Theorie','Huiswerk t/m 8a af',2,'Hardware 1','optional','2019-04-21 15:54:11','2020-04-17 18:25:09'),(2024,77,'2020-04-16','Praktijk',NULL,3,'De Computer','required','2019-04-21 15:54:11','2020-04-17 18:25:09'),(2025,77,'2020-05-07',NULL,NULL,4,NULL,'optional','2019-04-21 15:54:11','2020-04-17 18:25:09'),(2026,77,'2020-05-14',NULL,NULL,5,NULL,'optional','2019-04-21 15:54:11','2020-04-17 18:25:09'),(2027,77,'2020-05-21',NULL,NULL,6,NULL,'unrequired','2019-04-21 15:54:11','2020-04-17 18:25:09'),(2028,77,'2020-05-28',NULL,NULL,7,NULL,'unrequired','2019-04-21 15:54:11','2020-04-17 18:25:09'),(2029,77,'2020-06-04',NULL,NULL,8,NULL,'unrequired','2019-04-21 15:54:11','2020-04-17 18:25:09'),(2030,77,'2020-06-11','Tentamen',NULL,9,'Hardware','required','2019-04-21 15:54:11','2020-04-17 18:25:09'),(2040,79,'2019-08-28',NULL,NULL,1,'testf test2','required','2019-04-21 16:04:17','2019-12-05 12:37:04'),(2041,79,'2019-09-04',NULL,NULL,2,NULL,'required','2019-04-21 16:04:17','2019-12-05 12:37:04'),(2042,79,'2019-09-11',NULL,NULL,3,NULL,'required','2019-04-21 16:04:17','2019-12-05 12:37:04'),(2043,79,'2019-09-18',NULL,NULL,4,NULL,'required','2019-04-21 16:04:17','2019-12-05 12:37:04'),(2044,79,'2019-09-25',NULL,NULL,5,NULL,'required','2019-04-21 16:04:17','2019-12-05 12:37:04'),(2045,79,'2019-10-02',NULL,NULL,6,NULL,'required','2019-04-21 16:04:17','2019-12-05 12:37:04'),(2046,79,'2019-10-09',NULL,NULL,7,NULL,'required','2019-04-21 16:04:17','2019-12-05 12:37:04'),(2047,79,'2019-10-23',NULL,NULL,8,NULL,'required','2019-04-21 16:04:17','2019-12-05 12:37:04'),(2048,79,'2019-10-30',NULL,NULL,9,NULL,'required','2019-04-21 16:04:17','2019-12-05 12:37:04'),(2049,80,'2019-08-29',NULL,NULL,1,NULL,'required','2019-04-21 16:04:20','2020-04-17 18:20:27'),(2050,80,'2019-09-05',NULL,NULL,2,NULL,'required','2019-04-21 16:04:20','2020-04-17 18:20:27'),(2051,80,'2019-09-12',NULL,NULL,3,NULL,'required','2019-04-21 16:04:20','2020-04-17 18:20:27'),(2052,80,'2019-09-19',NULL,NULL,4,NULL,'required','2019-04-21 16:04:20','2020-04-17 18:20:27'),(2053,80,'2019-09-26',NULL,NULL,5,NULL,'required','2019-04-21 16:04:20','2020-04-17 18:20:27'),(2054,80,'2019-10-03',NULL,NULL,6,NULL,'required','2019-04-21 16:04:20','2020-04-17 18:20:27'),(2055,80,'2019-10-10',NULL,NULL,7,NULL,'required','2019-04-21 16:04:20','2020-04-17 18:20:27'),(2056,80,'2019-10-24',NULL,NULL,8,NULL,'required','2019-04-21 16:04:21','2020-04-17 18:20:27'),(2057,80,'2019-10-31',NULL,NULL,9,NULL,'required','2019-04-21 16:04:21','2020-04-17 18:20:27'),(2058,81,'2019-08-30','Theorie',NULL,1,'Grafieken: inleiding','required','2019-04-21 16:04:24','2020-04-17 18:20:27'),(2059,81,'2019-09-06','Theorie',NULL,2,'Grafieken 1.1','required','2019-04-21 16:04:24','2020-04-17 18:20:27'),(2060,81,'2019-09-13','Theorie',NULL,3,'Grafieken 1.2','required','2019-04-21 16:04:24','2020-04-17 18:20:27'),(2061,81,'2019-09-20','Theorie',NULL,4,'Grafieken 1.3','required','2019-04-21 16:04:24','2020-04-17 18:20:27'),(2062,81,'2019-09-27','Theorie',NULL,5,'Grafieken 2.1','required','2019-04-21 16:04:24','2020-04-17 18:20:27'),(2063,81,'2019-10-04','Theorie',NULL,6,'Grafieken 2.2','required','2019-04-21 16:04:24','2020-04-17 18:20:27'),(2064,81,'2019-10-11','Theorie',NULL,7,'Grafieken 3','required','2019-04-21 16:04:24','2020-04-17 18:20:27'),(2065,81,'2019-10-25','Theorie','Aanwezigheid is eigen keuze, maar zeker aan te raden!',8,'Grafieken: Recap','optional','2019-04-21 16:04:24','2020-04-17 18:20:27'),(2066,81,'2019-11-01','Tentamen',NULL,9,'Week 1 t/m 8','required','2019-04-21 16:04:24','2020-04-17 18:20:27'),(2067,82,'2019-08-26',NULL,NULL,1,NULL,'required','2019-04-21 16:04:27','2020-04-17 18:20:27'),(2068,82,'2019-09-02',NULL,NULL,2,NULL,'required','2019-04-21 16:04:27','2020-04-17 18:20:27'),(2069,82,'2019-09-09',NULL,NULL,3,NULL,'required','2019-04-21 16:04:27','2020-04-17 18:20:27'),(2070,82,'2019-09-16',NULL,NULL,4,NULL,'required','2019-04-21 16:04:27','2020-04-17 18:20:27'),(2071,82,'2019-09-23',NULL,NULL,5,NULL,'required','2019-04-21 16:04:27','2020-04-17 18:20:27'),(2072,82,'2019-09-30',NULL,NULL,6,NULL,'required','2019-04-21 16:04:27','2020-04-17 18:20:27'),(2073,82,'2019-10-07',NULL,NULL,7,NULL,'required','2019-04-21 16:04:27','2020-04-17 18:20:27'),(2074,82,'2019-10-21',NULL,NULL,8,NULL,'required','2019-04-21 16:04:27','2020-04-17 18:20:27'),(2075,82,'2019-10-28',NULL,NULL,9,NULL,'required','2019-04-21 16:04:27','2020-04-17 18:20:27'),(2076,83,'2019-08-28',NULL,NULL,1,NULL,'required','2019-04-21 16:04:31','2019-11-09 08:04:56'),(2077,83,'2019-09-04',NULL,NULL,2,NULL,'required','2019-04-21 16:04:31','2019-11-09 08:04:56'),(2078,83,'2019-09-11',NULL,NULL,3,NULL,'required','2019-04-21 16:04:31','2019-11-09 08:04:56'),(2079,83,'2019-09-18',NULL,NULL,4,NULL,'required','2019-04-21 16:04:31','2019-11-09 08:04:56'),(2080,83,'2019-09-25',NULL,NULL,5,NULL,'required','2019-04-21 16:04:31','2019-11-09 08:04:56'),(2081,83,'2019-10-02',NULL,NULL,6,NULL,'required','2019-04-21 16:04:31','2019-11-09 08:04:56'),(2082,83,'2019-10-09',NULL,NULL,7,NULL,'required','2019-04-21 16:04:31','2019-11-09 08:04:56'),(2083,83,'2019-10-23',NULL,NULL,8,NULL,'required','2019-04-21 16:04:31','2019-11-09 08:04:56'),(2084,83,'2019-10-30',NULL,NULL,9,NULL,'required','2019-04-21 16:04:31','2019-11-09 08:04:56'),(2085,84,'2019-08-27',NULL,NULL,1,NULL,'required','2019-04-21 16:04:36','2020-04-17 18:20:27'),(2086,84,'2019-09-03',NULL,NULL,2,NULL,'required','2019-04-21 16:04:36','2020-04-17 18:20:27'),(2087,84,'2019-09-10',NULL,NULL,3,NULL,'required','2019-04-21 16:04:36','2020-04-17 18:20:27'),(2088,84,'2019-09-17',NULL,NULL,4,NULL,'required','2019-04-21 16:04:36','2020-04-17 18:20:27'),(2089,84,'2019-09-24',NULL,NULL,5,NULL,'required','2019-04-21 16:04:36','2020-04-17 18:20:27'),(2090,84,'2019-10-01',NULL,NULL,6,NULL,'required','2019-04-21 16:04:36','2020-04-17 18:20:27'),(2091,84,'2019-10-08',NULL,NULL,7,NULL,'required','2019-04-21 16:04:36','2020-04-17 18:20:27'),(2092,84,'2019-10-22',NULL,NULL,8,NULL,'required','2019-04-21 16:04:36','2020-04-17 18:20:27'),(2093,84,'2019-10-29',NULL,NULL,9,NULL,'required','2019-04-21 16:04:36','2020-04-17 18:20:27'),(2094,85,'2018-08-27',NULL,NULL,1,NULL,'required','2019-07-03 14:56:13','2019-11-08 13:41:48'),(2095,85,'2018-09-03',NULL,NULL,2,NULL,'required','2019-07-03 14:56:13','2019-11-08 13:41:49'),(2096,85,'2018-09-10',NULL,NULL,3,NULL,'required','2019-07-03 14:56:13','2019-11-08 13:41:49'),(2097,85,'2018-09-17',NULL,NULL,4,NULL,'required','2019-07-03 14:56:13','2019-11-08 13:41:49'),(2098,85,'2018-09-24',NULL,NULL,5,NULL,'required','2019-07-03 14:56:13','2019-11-08 13:41:49'),(2099,85,'2018-10-01',NULL,NULL,6,NULL,'required','2019-07-03 14:56:13','2019-11-08 13:41:49'),(2100,85,'2018-10-08',NULL,NULL,7,NULL,'required','2019-07-03 14:56:13','2019-11-08 13:41:49'),(2101,85,'2018-10-22',NULL,NULL,8,NULL,'required','2019-07-03 14:56:13','2019-11-08 13:41:49'),(2102,85,'2018-10-29',NULL,NULL,9,NULL,'required','2019-07-03 14:56:13','2019-11-08 13:41:49'),(2103,86,'2018-08-27',NULL,NULL,1,NULL,'required','2019-07-03 15:01:36','2019-11-08 13:41:48'),(2104,86,'2018-09-03',NULL,NULL,2,NULL,'required','2019-07-03 15:01:36','2019-11-08 13:41:49'),(2105,86,'2018-09-10',NULL,NULL,3,NULL,'required','2019-07-03 15:01:36','2019-11-08 13:41:49'),(2106,86,'2018-09-17',NULL,NULL,4,NULL,'required','2019-07-03 15:01:36','2019-11-08 13:41:49'),(2107,86,'2018-09-24',NULL,NULL,5,NULL,'required','2019-07-03 15:01:36','2019-11-08 13:41:49'),(2108,86,'2018-10-01',NULL,NULL,6,NULL,'required','2019-07-03 15:01:36','2019-11-08 13:41:49'),(2109,86,'2018-10-08',NULL,NULL,7,NULL,'required','2019-07-03 15:01:36','2019-11-08 13:41:49'),(2110,86,'2018-10-22',NULL,NULL,8,NULL,'required','2019-07-03 15:01:36','2019-11-08 13:41:49'),(2111,86,'2018-10-29',NULL,NULL,9,NULL,'required','2019-07-03 15:01:36','2019-11-08 13:41:49'),(2112,87,'2019-08-28',NULL,NULL,1,NULL,'required','2019-07-12 09:55:31','2020-04-17 18:20:27'),(2113,87,'2019-09-04',NULL,NULL,2,NULL,'required','2019-07-12 09:55:31','2020-04-17 18:20:27'),(2114,87,'2019-09-11',NULL,NULL,3,NULL,'required','2019-07-12 09:55:31','2020-04-17 18:20:27'),(2115,87,'2019-09-18',NULL,NULL,4,NULL,'required','2019-07-12 09:55:31','2020-04-17 18:20:27'),(2116,87,'2019-09-25',NULL,NULL,5,NULL,'required','2019-07-12 09:55:31','2020-04-17 18:20:27'),(2117,87,'2019-10-02',NULL,NULL,6,NULL,'required','2019-07-12 09:55:31','2020-04-17 18:20:27'),(2118,87,'2019-10-09',NULL,NULL,7,NULL,'required','2019-07-12 09:55:31','2020-04-17 18:20:27'),(2119,87,'2019-10-23',NULL,NULL,8,NULL,'required','2019-07-12 09:55:31','2020-04-17 18:20:27'),(2120,87,'2019-10-30',NULL,NULL,9,NULL,'required','2019-07-12 09:55:31','2020-04-17 18:20:27'),(2121,88,'2019-08-26',NULL,NULL,1,NULL,'required','2019-07-14 08:35:49','2020-04-17 18:20:27'),(2122,88,'2019-09-02',NULL,NULL,2,NULL,'required','2019-07-14 08:35:49','2020-04-17 18:20:27'),(2123,88,'2019-09-09',NULL,NULL,3,NULL,'required','2019-07-14 08:35:49','2020-04-17 18:20:27'),(2124,88,'2019-09-16',NULL,NULL,4,NULL,'required','2019-07-14 08:35:49','2020-04-17 18:20:27'),(2125,88,'2019-09-23',NULL,NULL,5,NULL,'required','2019-07-14 08:35:49','2020-04-17 18:20:27'),(2126,88,'2019-09-30',NULL,NULL,6,NULL,'required','2019-07-14 08:35:49','2020-04-17 18:20:27'),(2127,88,'2019-10-07',NULL,NULL,7,NULL,'required','2019-07-14 08:35:49','2020-04-17 18:20:27'),(2128,88,'2019-10-21',NULL,NULL,8,NULL,'required','2019-07-14 08:35:49','2020-04-17 18:20:27'),(2129,88,'2019-10-28',NULL,NULL,9,NULL,'required','2019-07-14 08:35:49','2020-04-17 18:20:27'),(2130,89,'2019-08-26',NULL,NULL,1,NULL,'required','2019-07-15 11:15:05','2020-04-17 18:20:27'),(2131,89,'2019-09-02',NULL,NULL,2,NULL,'required','2019-07-15 11:15:05','2020-04-17 18:20:27'),(2132,89,'2019-09-09',NULL,NULL,3,NULL,'required','2019-07-15 11:15:05','2020-04-17 18:20:27'),(2133,89,'2019-09-16',NULL,NULL,4,NULL,'required','2019-07-15 11:15:05','2020-04-17 18:20:27'),(2134,89,'2019-09-23',NULL,NULL,5,NULL,'required','2019-07-15 11:15:05','2020-04-17 18:20:27'),(2135,89,'2019-09-30',NULL,NULL,6,NULL,'required','2019-07-15 11:15:05','2020-04-17 18:20:27'),(2136,89,'2019-10-07',NULL,NULL,7,NULL,'required','2019-07-15 11:15:05','2020-04-17 18:20:27'),(2137,89,'2019-10-21',NULL,NULL,8,NULL,'required','2019-07-15 11:15:05','2020-04-17 18:20:27'),(2138,89,'2019-10-28',NULL,NULL,9,NULL,'required','2019-07-15 11:15:05','2020-04-17 18:20:27'),(2139,90,'2019-08-27',NULL,NULL,1,NULL,'required','2019-08-14 09:01:04','2020-04-17 18:20:27'),(2140,90,'2019-09-03',NULL,NULL,2,NULL,'required','2019-08-14 09:01:04','2020-04-17 18:20:27'),(2141,90,'2019-09-10',NULL,NULL,3,NULL,'required','2019-08-14 09:01:04','2020-04-17 18:20:27'),(2142,90,'2019-09-17',NULL,NULL,4,NULL,'required','2019-08-14 09:01:04','2020-04-17 18:20:27'),(2143,90,'2019-09-24',NULL,NULL,5,NULL,'required','2019-08-14 09:01:04','2020-04-17 18:20:27'),(2144,90,'2019-10-01',NULL,NULL,6,NULL,'required','2019-08-14 09:01:04','2020-04-17 18:20:27'),(2145,90,'2019-10-08',NULL,NULL,7,NULL,'required','2019-08-14 09:01:04','2020-04-17 18:20:27'),(2146,90,'2019-10-22',NULL,NULL,8,NULL,'required','2019-08-14 09:01:04','2020-04-17 18:20:27'),(2147,90,'2019-10-29',NULL,NULL,9,NULL,'required','2019-08-14 09:01:04','2020-04-17 18:20:27'),(2148,91,'2019-08-26',NULL,NULL,1,NULL,'required','2019-08-14 09:33:32','2020-04-17 18:20:27'),(2149,91,'2019-09-02',NULL,NULL,2,NULL,'required','2019-08-14 09:33:33','2020-04-17 18:20:27'),(2150,91,'2019-09-09',NULL,NULL,3,NULL,'required','2019-08-14 09:33:33','2020-04-17 18:20:27'),(2151,91,'2019-09-16',NULL,NULL,4,NULL,'required','2019-08-14 09:33:33','2020-04-17 18:20:27'),(2152,91,'2019-09-23',NULL,NULL,5,NULL,'required','2019-08-14 09:33:33','2020-04-17 18:20:27'),(2153,91,'2019-09-30',NULL,NULL,6,NULL,'required','2019-08-14 09:33:33','2020-04-17 18:20:27'),(2154,91,'2019-10-07',NULL,NULL,7,NULL,'required','2019-08-14 09:33:33','2020-04-17 18:20:27'),(2155,91,'2019-10-21',NULL,NULL,8,NULL,'required','2019-08-14 09:33:33','2020-04-17 18:20:27'),(2156,91,'2019-10-28',NULL,NULL,9,NULL,'required','2019-08-14 09:33:33','2020-04-17 18:20:27'),(2157,92,'2019-08-26',NULL,NULL,1,NULL,'required','2019-08-15 17:40:35','2020-04-17 18:20:27'),(2158,92,'2019-09-02',NULL,NULL,2,NULL,'required','2019-08-15 17:40:35','2020-04-17 18:20:27'),(2159,92,'2019-09-09',NULL,NULL,3,NULL,'required','2019-08-15 17:40:35','2020-04-17 18:20:27'),(2160,92,'2019-09-16',NULL,NULL,4,NULL,'required','2019-08-15 17:40:35','2020-04-17 18:20:27'),(2161,92,'2019-09-23',NULL,NULL,5,NULL,'required','2019-08-15 17:40:35','2020-04-17 18:20:27'),(2162,92,'2019-09-30',NULL,NULL,6,NULL,'required','2019-08-15 17:40:35','2020-04-17 18:20:27'),(2163,92,'2019-10-07',NULL,NULL,7,NULL,'required','2019-08-15 17:40:35','2020-04-17 18:20:27'),(2164,92,'2019-10-21',NULL,NULL,8,NULL,'required','2019-08-15 17:40:35','2020-04-17 18:20:27'),(2165,92,'2019-10-28',NULL,NULL,9,NULL,'required','2019-08-15 17:40:35','2020-04-17 18:20:27'),(2166,93,'2019-08-26',NULL,NULL,1,NULL,'required','2019-08-15 17:41:36','2020-04-17 18:20:27'),(2167,93,'2019-09-02',NULL,NULL,2,NULL,'required','2019-08-15 17:41:36','2020-04-17 18:20:27'),(2168,93,'2019-09-09',NULL,NULL,3,NULL,'required','2019-08-15 17:41:36','2020-04-17 18:20:27'),(2169,93,'2019-09-16',NULL,NULL,4,NULL,'required','2019-08-15 17:41:36','2020-04-17 18:20:27'),(2170,93,'2019-09-23',NULL,NULL,5,NULL,'required','2019-08-15 17:41:36','2020-04-17 18:20:27'),(2171,93,'2019-09-30',NULL,NULL,6,NULL,'required','2019-08-15 17:41:36','2020-04-17 18:20:27'),(2172,93,'2019-10-07',NULL,NULL,7,NULL,'required','2019-08-15 17:41:36','2020-04-17 18:20:27'),(2173,93,'2019-10-21',NULL,NULL,8,NULL,'required','2019-08-15 17:41:36','2020-04-17 18:20:27'),(2174,93,'2019-10-28',NULL,NULL,9,NULL,'required','2019-08-15 17:41:36','2020-04-17 18:20:27'),(2175,94,'2019-08-26',NULL,NULL,1,NULL,'required','2019-08-15 17:42:22','2020-04-17 18:20:27'),(2176,94,'2019-09-02',NULL,NULL,2,NULL,'required','2019-08-15 17:42:22','2020-04-17 18:20:27'),(2177,94,'2019-09-09',NULL,NULL,3,NULL,'required','2019-08-15 17:42:22','2020-04-17 18:20:27'),(2178,94,'2019-09-16',NULL,NULL,4,NULL,'required','2019-08-15 17:42:22','2020-04-17 18:20:27'),(2179,94,'2019-09-23',NULL,NULL,5,NULL,'required','2019-08-15 17:42:22','2020-04-17 18:20:27'),(2180,94,'2019-09-30',NULL,NULL,6,NULL,'required','2019-08-15 17:42:22','2020-04-17 18:20:27'),(2181,94,'2019-10-07',NULL,NULL,7,NULL,'required','2019-08-15 17:42:22','2020-04-17 18:20:27'),(2182,94,'2019-10-21',NULL,NULL,8,NULL,'required','2019-08-15 17:42:22','2020-04-17 18:20:27'),(2183,94,'2019-10-28',NULL,NULL,9,NULL,'required','2019-08-15 17:42:22','2020-04-17 18:20:27'),(2184,95,'2019-08-26',NULL,NULL,1,NULL,'required','2019-08-15 17:53:01','2020-04-17 18:20:27'),(2185,95,'2019-09-02',NULL,NULL,2,NULL,'required','2019-08-15 17:53:01','2020-04-17 18:20:27'),(2186,95,'2019-09-09',NULL,NULL,3,NULL,'required','2019-08-15 17:53:01','2020-04-17 18:20:27'),(2187,95,'2019-09-16',NULL,NULL,4,NULL,'required','2019-08-15 17:53:01','2020-04-17 18:20:27'),(2188,95,'2019-09-23',NULL,NULL,5,NULL,'required','2019-08-15 17:53:02','2020-04-17 18:20:27'),(2189,95,'2019-09-30',NULL,NULL,6,NULL,'required','2019-08-15 17:53:02','2020-04-17 18:20:27'),(2190,95,'2019-10-07',NULL,NULL,7,NULL,'required','2019-08-15 17:53:02','2020-04-17 18:20:27'),(2191,95,'2019-10-21',NULL,NULL,8,NULL,'required','2019-08-15 17:53:02','2020-04-17 18:20:27'),(2192,95,'2019-10-28',NULL,NULL,9,NULL,'required','2019-08-15 17:53:02','2020-04-17 18:20:27'),(2193,96,'2019-08-26',NULL,NULL,1,NULL,'required','2019-08-15 17:58:00','2020-04-17 18:20:27'),(2194,96,'2019-09-02',NULL,NULL,2,NULL,'required','2019-08-15 17:58:00','2020-04-17 18:20:27'),(2195,96,'2019-09-09',NULL,NULL,3,NULL,'required','2019-08-15 17:58:00','2020-04-17 18:20:27'),(2196,96,'2019-09-16',NULL,NULL,4,NULL,'required','2019-08-15 17:58:00','2020-04-17 18:20:27'),(2197,96,'2019-09-23',NULL,NULL,5,NULL,'required','2019-08-15 17:58:00','2020-04-17 18:20:27'),(2198,96,'2019-09-30',NULL,NULL,6,NULL,'required','2019-08-15 17:58:00','2020-04-17 18:20:27'),(2199,96,'2019-10-07',NULL,NULL,7,NULL,'required','2019-08-15 17:58:00','2020-04-17 18:20:27'),(2200,96,'2019-10-21',NULL,NULL,8,NULL,'required','2019-08-15 17:58:00','2020-04-17 18:20:27'),(2201,96,'2019-10-28',NULL,NULL,9,NULL,'required','2019-08-15 17:58:00','2020-04-17 18:20:27'),(2202,NULL,'2019-08-26',NULL,NULL,1,NULL,'required','2019-10-09 10:20:33','2019-10-09 10:20:33'),(2203,NULL,'2019-09-02',NULL,NULL,2,NULL,'required','2019-10-09 10:20:33','2019-10-09 10:20:33'),(2204,NULL,'2019-09-09',NULL,NULL,3,NULL,'required','2019-10-09 10:20:33','2019-10-09 10:20:33'),(2205,NULL,'2019-09-16',NULL,NULL,4,NULL,'required','2019-10-09 10:20:33','2019-10-09 10:20:33'),(2206,NULL,'2019-09-23',NULL,NULL,5,NULL,'required','2019-10-09 10:20:33','2019-10-09 10:20:33'),(2207,NULL,'2019-09-30',NULL,NULL,6,NULL,'required','2019-10-09 10:20:33','2019-10-09 10:20:33'),(2208,NULL,'2019-10-07',NULL,NULL,7,NULL,'required','2019-10-09 10:20:33','2019-10-09 10:20:33'),(2209,NULL,'2019-10-21',NULL,NULL,8,NULL,'required','2019-10-09 10:20:33','2019-10-09 10:20:33'),(2210,NULL,'2019-10-28',NULL,NULL,9,NULL,'required','2019-10-09 10:20:33','2019-10-09 10:20:33'),(2211,NULL,'2019-08-26',NULL,NULL,1,NULL,'required','2019-12-05 12:41:24','2019-12-05 12:41:24'),(2212,NULL,'2019-09-02',NULL,NULL,2,NULL,'required','2019-12-05 12:41:24','2019-12-05 12:41:24'),(2213,NULL,'2019-09-09',NULL,NULL,3,NULL,'required','2019-12-05 12:41:24','2019-12-05 12:41:24'),(2214,NULL,'2019-09-16',NULL,NULL,4,NULL,'required','2019-12-05 12:41:25','2019-12-05 12:41:25'),(2215,NULL,'2019-09-23',NULL,NULL,5,NULL,'required','2019-12-05 12:41:25','2019-12-05 12:41:25'),(2216,NULL,'2019-09-30',NULL,NULL,6,NULL,'required','2019-12-05 12:41:25','2019-12-05 12:41:25'),(2217,NULL,'2019-10-07',NULL,NULL,7,NULL,'required','2019-12-05 12:41:25','2019-12-05 12:41:25'),(2218,NULL,'2019-10-21',NULL,NULL,8,NULL,'required','2019-12-05 12:41:25','2019-12-05 12:41:25'),(2219,NULL,'2019-10-28',NULL,NULL,9,NULL,'required','2019-12-05 12:41:25','2019-12-05 12:41:25'),(2220,NULL,'2019-08-26',NULL,NULL,1,NULL,'required','2019-12-05 12:44:55','2019-12-05 12:44:55'),(2221,NULL,'2019-09-02',NULL,NULL,2,NULL,'required','2019-12-05 12:44:55','2019-12-05 12:44:55'),(2222,NULL,'2019-09-09',NULL,NULL,3,NULL,'required','2019-12-05 12:44:55','2019-12-05 12:44:55'),(2223,NULL,'2019-09-16',NULL,NULL,4,NULL,'required','2019-12-05 12:44:55','2019-12-05 12:44:55'),(2224,NULL,'2019-09-23',NULL,NULL,5,NULL,'required','2019-12-05 12:44:55','2019-12-05 12:44:55'),(2225,NULL,'2019-09-30',NULL,NULL,6,NULL,'required','2019-12-05 12:44:55','2019-12-05 12:44:55'),(2226,NULL,'2019-10-07',NULL,NULL,7,NULL,'required','2019-12-05 12:44:55','2019-12-05 12:44:55'),(2227,NULL,'2019-10-21',NULL,NULL,8,NULL,'required','2019-12-05 12:44:55','2019-12-05 12:44:55'),(2228,NULL,'2019-10-28',NULL,NULL,9,NULL,'required','2019-12-05 12:44:55','2019-12-05 12:44:55'),(2229,100,'2019-08-26',NULL,NULL,1,NULL,'required','2019-12-05 12:46:26','2020-04-17 18:20:27'),(2230,100,'2019-09-02',NULL,NULL,2,NULL,'required','2019-12-05 12:46:26','2020-04-17 18:20:27'),(2231,100,'2019-09-09',NULL,NULL,3,NULL,'required','2019-12-05 12:46:26','2020-04-17 18:20:27'),(2232,100,'2019-09-16',NULL,NULL,4,NULL,'required','2019-12-05 12:46:26','2020-04-17 18:20:27'),(2233,100,'2019-09-23',NULL,NULL,5,NULL,'required','2019-12-05 12:46:26','2020-04-17 18:20:27'),(2234,100,'2019-09-30',NULL,NULL,6,NULL,'required','2019-12-05 12:46:26','2020-04-17 18:20:27'),(2235,100,'2019-10-07',NULL,NULL,7,NULL,'required','2019-12-05 12:46:26','2020-04-17 18:20:27'),(2236,100,'2019-10-21',NULL,NULL,8,NULL,'required','2019-12-05 12:46:26','2020-04-17 18:20:27'),(2237,100,'2019-10-28',NULL,NULL,9,NULL,'required','2019-12-05 12:46:26','2020-04-17 18:20:27'),(2238,97,'2019-08-26',NULL,NULL,1,NULL,'required','2019-12-05 13:15:25','2020-04-17 18:20:27'),(2239,98,'2019-08-26',NULL,NULL,1,NULL,'required','2019-12-05 13:15:25','2020-04-17 18:20:27'),(2240,99,'2019-08-26',NULL,NULL,1,NULL,'required','2019-12-05 13:15:25','2020-04-17 18:20:27'),(2241,97,'2019-09-02',NULL,NULL,2,NULL,'required','2019-12-05 13:15:25','2020-04-17 18:20:27'),(2242,98,'2019-09-02',NULL,NULL,2,NULL,'required','2019-12-05 13:15:25','2020-04-17 18:20:27'),(2243,99,'2019-09-02',NULL,NULL,2,NULL,'required','2019-12-05 13:15:25','2020-04-17 18:20:27'),(2244,97,'2019-09-09',NULL,NULL,3,NULL,'required','2019-12-05 13:15:25','2020-04-17 18:20:27'),(2245,99,'2019-09-09',NULL,NULL,3,NULL,'required','2019-12-05 13:15:25','2020-04-17 18:20:27'),(2246,98,'2019-09-09',NULL,NULL,3,NULL,'required','2019-12-05 13:15:25','2020-04-17 18:20:27'),(2247,97,'2019-09-16',NULL,NULL,4,NULL,'required','2019-12-05 13:15:25','2020-04-17 18:20:27'),(2248,99,'2019-09-16',NULL,NULL,4,NULL,'required','2019-12-05 13:15:25','2020-04-17 18:20:27'),(2249,98,'2019-09-16',NULL,NULL,4,NULL,'required','2019-12-05 13:15:25','2020-04-17 18:20:27'),(2250,97,'2019-09-23',NULL,NULL,5,NULL,'required','2019-12-05 13:15:25','2020-04-17 18:20:27'),(2251,99,'2019-09-23',NULL,NULL,5,NULL,'required','2019-12-05 13:15:25','2020-04-17 18:20:27'),(2252,98,'2019-09-23',NULL,NULL,5,NULL,'required','2019-12-05 13:15:25','2020-04-17 18:20:27'),(2253,98,'2019-09-30',NULL,NULL,6,NULL,'required','2019-12-05 13:15:25','2020-04-17 18:20:27'),(2254,97,'2019-09-30',NULL,NULL,6,NULL,'required','2019-12-05 13:15:25','2020-04-17 18:20:27'),(2255,99,'2019-09-30',NULL,NULL,6,NULL,'required','2019-12-05 13:15:25','2020-04-17 18:20:27'),(2256,98,'2019-10-07',NULL,NULL,7,NULL,'required','2019-12-05 13:15:25','2020-04-17 18:20:27'),(2257,97,'2019-10-07',NULL,NULL,7,NULL,'required','2019-12-05 13:15:25','2020-04-17 18:20:27'),(2258,99,'2019-10-07',NULL,NULL,7,NULL,'required','2019-12-05 13:15:25','2020-04-17 18:20:27'),(2259,98,'2019-10-21',NULL,NULL,8,NULL,'required','2019-12-05 13:15:26','2020-04-17 18:20:27'),(2260,97,'2019-10-21',NULL,NULL,8,NULL,'required','2019-12-05 13:15:26','2020-04-17 18:20:27'),(2261,99,'2019-10-21',NULL,NULL,8,NULL,'required','2019-12-05 13:15:26','2020-04-17 18:20:27'),(2262,98,'2019-10-28',NULL,NULL,9,NULL,'required','2019-12-05 13:15:26','2020-04-17 18:20:27'),(2263,97,'2019-10-28',NULL,NULL,9,NULL,'required','2019-12-05 13:15:26','2020-04-17 18:20:27'),(2264,99,'2019-10-28',NULL,NULL,9,NULL,'required','2019-12-05 13:15:26','2020-04-17 18:20:27'),(2265,101,'2019-08-26',NULL,NULL,1,NULL,'required','2019-12-05 13:19:27','2020-04-17 18:20:27'),(2266,101,'2019-09-02',NULL,NULL,2,NULL,'required','2019-12-05 13:19:27','2020-04-17 18:20:27'),(2267,101,'2019-09-09',NULL,NULL,3,NULL,'required','2019-12-05 13:19:27','2020-04-17 18:20:27'),(2268,101,'2019-09-16',NULL,NULL,4,NULL,'required','2019-12-05 13:19:27','2020-04-17 18:20:27'),(2269,101,'2019-09-23',NULL,NULL,5,NULL,'required','2019-12-05 13:19:27','2020-04-17 18:20:27'),(2270,101,'2019-09-30',NULL,NULL,6,NULL,'required','2019-12-05 13:19:27','2020-04-17 18:20:27'),(2271,101,'2019-10-07',NULL,NULL,7,NULL,'required','2019-12-05 13:19:27','2020-04-17 18:20:27'),(2272,101,'2019-10-21',NULL,NULL,8,NULL,'required','2019-12-05 13:19:27','2020-04-17 18:20:27'),(2273,101,'2019-10-28',NULL,NULL,9,NULL,'required','2019-12-05 13:19:27','2020-04-17 18:20:27'),(2274,102,'2019-08-26',NULL,NULL,1,NULL,'required','2020-02-21 14:47:17','2020-04-17 18:20:27'),(2275,102,'2019-09-02',NULL,NULL,2,NULL,'required','2020-02-21 14:47:17','2020-04-17 18:20:27'),(2276,102,'2019-09-09',NULL,NULL,3,NULL,'required','2020-02-21 14:47:17','2020-04-17 18:20:27'),(2277,102,'2019-09-16',NULL,NULL,4,NULL,'required','2020-02-21 14:47:17','2020-04-17 18:20:27'),(2278,102,'2019-09-23',NULL,NULL,5,NULL,'required','2020-02-21 14:47:17','2020-04-17 18:20:27'),(2279,102,'2019-09-30',NULL,NULL,6,NULL,'required','2020-02-21 14:47:17','2020-04-17 18:20:27'),(2280,102,'2019-10-07',NULL,NULL,7,NULL,'required','2020-02-21 14:47:17','2020-04-17 18:20:27'),(2281,102,'2019-10-21',NULL,NULL,8,NULL,'required','2020-02-21 14:47:17','2020-04-17 18:20:27'),(2282,102,'2019-10-28',NULL,NULL,9,NULL,'required','2020-02-21 14:47:17','2020-04-17 18:20:27');
/*!40000 ALTER TABLE `lesson` ENABLE KEYS */;
UNLOCK TABLES;

--
-- Table structure for table `loggedin`
--

DROP TABLE IF EXISTS `loggedin`;
/*!40101 SET @saved_cs_client     = @@character_set_client */;
/*!40101 SET character_set_client = utf8 */;
CREATE TABLE `loggedin` (
  `id` int(11) NOT NULL AUTO_INCREMENT,
  `userId` int(11) NOT NULL,
  `token` varchar(64) NOT NULL,
  `active` bit(1) DEFAULT NULL,
  `createdAt` datetime DEFAULT NULL,
  `updatedAt` datetime DEFAULT NULL,
  PRIMARY KEY (`id`),
  UNIQUE KEY `email_UNIQUE` (`token`),
  KEY `userId` (`userId`),
  CONSTRAINT `userId` FOREIGN KEY (`userId`) REFERENCES `user_data` (`id`)
) ENGINE=InnoDB AUTO_INCREMENT=762 DEFAULT CHARSET=utf8;
/*!40101 SET character_set_client = @saved_cs_client */;

--
-- Dumping data for table `loggedin`
--

LOCK TABLES `loggedin` WRITE;
/*!40000 ALTER TABLE `loggedin` DISABLE KEYS */;
INSERT INTO `loggedin` VALUES (43,13,'c1b34166-5702-4c07-b64a-3ae4c9934047',_binary '\0','2018-08-17 11:52:03',NULL),(44,13,'ddd3b539-fc98-4a79-aa89-81ed19553b83',_binary '\0','2018-08-28 10:50:14',NULL),(45,13,'2e2419ef-6ae5-4d29-a2d3-8f50e499cc84',_binary '\0','2018-08-31 13:33:12',NULL),(46,13,'db9c835a-f064-4e1e-af27-4cb675e3dd07',_binary '\0','2018-09-08 10:20:23',NULL),(47,13,'376894c7-99cc-42ea-a180-80abf2c0cdc8',_binary '\0','2018-09-09 19:45:14',NULL),(48,13,'3da28fc8-60c3-496c-b7ae-6735ddaf5fb0',_binary '','2018-09-29 15:34:19',NULL),(49,16,'28c68f16-9daf-4850-9d8a-faf69722d73b',_binary '\0','2018-10-07 21:13:00',NULL),(50,17,'bee90d22-9e6d-4e91-912f-f551e6c1530c',_binary '\0','2018-10-21 21:13:36','2019-07-03 14:50:49'),(51,16,'ce8e6a12-037f-482c-a8e9-d69b12b60d1c',_binary '\0','2018-10-21 21:15:03',NULL),(52,17,'3f96ef13-bba0-49bd-aaa9-3ab8e1bdd84f',_binary '\0','2018-10-21 21:36:45','2019-07-03 14:50:49'),(53,16,'3b5de797-b5de-4fd6-9d4a-b55eac1174e6',_binary '\0','2018-10-21 21:45:20',NULL),(54,17,'96ec552a-02c5-4745-a040-3fdf2e6841e3',_binary '\0','2018-10-21 21:49:15','2019-07-03 14:50:49'),(55,17,'4ca0481a-338e-4938-9cbb-fcc32b48a44c',_binary '\0','2018-10-25 20:04:04','2019-07-03 14:50:49'),(56,17,'459257d9-2ea5-4d4d-8d91-c0320d876729',_binary '\0','2018-10-25 20:17:20','2019-07-03 14:50:49'),(57,17,'9944bf33-76da-4971-8ada-7380e87c3e8d',_binary '\0','2018-10-25 20:22:46','2019-07-03 14:50:49'),(58,17,'7d819bbe-2142-41ac-aade-575e4458ac34',_binary '\0','2018-10-25 20:33:02','2019-07-03 14:50:49'),(59,17,'921a758b-270b-49c2-b6a2-36c9da36b0c9',_binary '\0','2018-11-03 11:36:21','2019-07-03 14:50:49'),(60,17,'b459b337-1d18-4023-bdbe-4c6efbaa0a2c',_binary '\0','2018-11-03 11:46:32','2019-07-03 14:50:49'),(61,16,'9dac4dc0-c98e-4a29-bc86-b3212c0ec7d0',_binary '\0','2018-11-03 12:52:20',NULL),(62,17,'bc62df2e-6448-4842-b00a-1dc89662591e',_binary '\0','2018-11-03 12:54:13','2019-07-03 14:50:49'),(63,17,'e97ba84a-adc0-49ca-baff-a680af906623',_binary '\0','2018-11-10 17:00:00','2019-07-03 14:50:49'),(64,17,'cfa4eca7-06b8-4771-8299-bdd140d04d06',_binary '\0','2018-11-17 17:07:16','2019-07-03 14:50:49'),(65,17,'e24f9a79-76f0-4566-91e3-ab90a96eea17',_binary '\0','2018-11-17 17:42:37','2019-07-03 14:50:49'),(66,16,'b5cf6bb1-4a5e-4480-9381-e9d905b1af28',_binary '\0','2018-11-17 19:55:18',NULL),(67,17,'c0df13ed-ed84-4a9e-ae7c-ff187b3acec1',_binary '\0','2018-11-18 09:38:48','2019-07-03 14:50:49'),(68,17,'efb089a9-ffb8-4537-bc13-4511a1005316',_binary '\0','2018-11-18 10:49:33','2019-07-03 14:50:49'),(69,16,'271687d5-a659-4840-ad20-9d8cf28ad03f',_binary '\0','2018-11-18 11:12:57',NULL),(70,17,'c6aea87f-868f-4c20-9fd4-40e6aee64a01',_binary '\0','2018-11-18 11:21:19','2019-07-03 14:50:49'),(71,16,'ced7077c-93c5-4e82-8bce-51bd1e4a192d',_binary '\0','2018-11-18 11:22:01',NULL),(72,17,'93f31d80-23f6-4e2b-bb5f-3c9b23893a7b',_binary '\0','2018-11-18 11:26:29','2019-07-03 14:50:49'),(73,16,'e03fc855-2307-48d3-bf99-aa3b30a1585b',_binary '\0','2018-11-18 11:32:53',NULL),(74,17,'828c71f0-fe9a-43fa-a225-3a7cc001620a',_binary '\0','2018-11-22 20:31:43','2019-07-03 14:50:49'),(75,17,'9f6977e2-7d58-45ec-8a0f-345ba2a8f3f3',_binary '\0','2018-11-22 20:32:40','2019-07-03 14:50:49'),(76,16,'3ae183ce-ecf1-45f8-b31b-b8dfc20c8dff',_binary '\0','2018-11-30 20:47:17',NULL),(77,17,'3f2fe9f9-6049-40c3-afac-ede61e57e3ab',_binary '\0','2018-11-30 21:33:41','2019-07-03 14:50:49'),(78,16,'fd474074-73e6-4819-a1c8-6a2b1b23af02',_binary '\0','2018-12-02 14:57:59',NULL),(79,17,'1357db9f-0351-4272-a20a-4f88d613439c',_binary '\0','2018-12-04 20:10:11','2019-07-03 14:50:49'),(80,17,'414f063c-ede4-4cab-8018-7d82457d22e6',_binary '\0','2018-12-05 15:22:55','2019-07-03 14:50:49'),(81,16,'1d6d83ed-97b0-46eb-929e-02ecfa7d9495',_binary '\0','2018-12-05 17:00:13',NULL),(82,17,'51ee2386-318e-405c-a668-f2770c738b4c',_binary '\0','2018-12-05 17:13:33','2019-07-03 14:50:49'),(83,16,'4504ba9c-a5fb-4de4-b8f1-97993b21ceb5',_binary '','2018-12-09 10:13:13',NULL),(84,17,'ca5a28e1-0c86-40c6-bf8b-cdbf6a3d844e',_binary '\0','2018-12-09 10:18:57','2019-07-03 14:50:49'),(89,18,'22c1527a-24db-4020-b255-0ea857c96a40',_binary '\0','2018-12-27 15:43:19','2020-04-08 08:21:18'),(90,17,'f21ed175-bd53-43eb-8c37-edc2b7ac3fe1',_binary '\0','2018-12-27 15:45:18','2019-07-03 14:50:49'),(91,17,'2cf33a3f-860e-4ac7-b745-b9bdbb7693f0',_binary '\0','2018-12-28 09:14:44','2019-07-03 14:50:49'),(92,59,'e8051398-b7e0-4c4d-84bc-e952cf338864',_binary '\0','2019-04-26 10:27:01','2019-06-24 11:57:33'),(93,60,'498e21db-82d9-4f96-81c7-2d6a0175f7b6',_binary '\0','2019-05-17 12:01:03','2020-05-09 07:58:13'),(94,60,'2a29c1dd-3a86-4498-b1cc-8206d7ed9832',_binary '\0','2019-05-17 12:04:24','2020-05-09 07:58:13'),(95,60,'0d02dc9f-a089-4b41-b52d-c6083dfe7b0f',_binary '\0','2019-05-17 12:08:19','2020-05-09 07:58:13'),(96,60,'ac3b5bec-b7c1-4813-89c7-e0f739a7b957',_binary '\0','2019-05-17 12:09:49','2020-05-09 07:58:13'),(97,60,'3595b87e-9d3e-4652-9cd0-a218b07841e9',_binary '\0','2019-05-17 12:10:38','2020-05-09 07:58:13'),(98,60,'426ca590-76a1-4ea2-a06c-4b804fd89f5e',_binary '\0','2019-05-17 12:17:32','2020-05-09 07:58:13'),(99,60,'ed5de9aa-9d42-415c-8172-8c530f87f585',_binary '\0','2019-05-17 12:21:37','2020-05-09 07:58:13'),(100,60,'6ef4990b-1d9e-46bc-aa2c-704976a3f88c',_binary '\0','2019-05-17 12:23:40','2020-05-09 07:58:13'),(101,60,'016d087b-813a-4b1b-9d9e-e27991f131c0',_binary '\0','2019-05-17 12:31:30','2020-05-09 07:58:13'),(102,60,'68551982-cb7a-48ca-b69e-b6b76284fc45',_binary '\0','2019-05-17 12:32:02','2020-05-09 07:58:13'),(103,60,'ef148774-3ec5-482d-a836-803b64736c76',_binary '\0','2019-05-17 12:33:04','2020-05-09 07:58:13'),(104,60,'3739a41e-92f6-41b8-a843-559430051621',_binary '\0','2019-05-17 12:34:02','2020-05-09 07:58:13'),(105,60,'bc554934-dc73-461b-b077-bde0d1081a61',_binary '\0','2019-05-17 13:19:42','2020-05-09 07:58:13'),(106,60,'ac90e1ad-b6d5-408d-bccb-014458e03f5e',_binary '\0','2019-05-17 13:22:03','2020-05-09 07:58:13'),(107,60,'6b27866e-bb45-4070-9763-047d4203b691',_binary '\0','2019-05-17 13:23:17','2020-05-09 07:58:13'),(108,60,'8ddad809-c075-4b45-a065-b65a9214ff8a',_binary '\0','2019-05-19 10:36:26','2020-05-09 07:58:13'),(109,60,'a85d2856-5997-4116-8291-3d04fc22b286',_binary '\0','2019-05-22 10:56:48','2020-05-09 07:58:13'),(110,60,'3e0f22eb-aa85-40a5-ac30-34a3a573f4ee',_binary '\0','2019-05-22 10:59:37','2020-05-09 07:58:13'),(111,60,'2d4af209-0cdf-42cb-bc42-faa6a10a36b6',_binary '\0','2019-05-22 11:05:06','2020-05-09 07:58:13'),(112,60,'ba98b7b3-d5ae-4d49-a250-3e62f4be04f9',_binary '\0','2019-05-22 11:05:39','2020-05-09 07:58:13'),(113,60,'02fdcf42-4649-4098-bc3a-f2d12b535b34',_binary '\0','2019-05-22 11:09:24','2020-05-09 07:58:13'),(114,60,'34847dcc-cc9c-4251-86d4-0fad2212924c',_binary '\0','2019-05-22 11:15:04','2020-05-09 07:58:13'),(115,60,'fd6df2be-6ef2-44f2-a1e0-a071bbc930a1',_binary '\0','2019-05-22 11:15:31','2020-05-09 07:58:13'),(116,60,'d6200de6-0e2d-4041-9b65-6035d03520c3',_binary '\0','2019-05-22 11:25:16','2020-05-09 07:58:13'),(117,60,'ba8a36c2-4d2c-46a9-b896-99e89db77292',_binary '\0','2019-05-22 11:25:44','2020-05-09 07:58:13'),(118,60,'4b94aa03-c619-48a6-9193-35e71337c1b7',_binary '\0','2019-05-22 11:26:26','2020-05-09 07:58:13'),(119,60,'4f30b96b-a4dd-45b0-a5b5-dad0d1a4b9bb',_binary '\0','2019-05-22 11:38:37','2020-05-09 07:58:13'),(120,60,'aee31a77-ff6c-4ab6-9f03-46e6eafb4138',_binary '\0','2019-05-22 11:44:20','2020-05-09 07:58:13'),(121,60,'265f1af2-de6c-4705-8377-45e757b48fa8',_binary '\0','2019-05-22 11:46:07','2020-05-09 07:58:13'),(122,60,'6553891e-8b99-4191-8b2b-31892f834664',_binary '\0','2019-05-22 11:46:35','2020-05-09 07:58:13'),(123,60,'e5149627-2de7-47ef-98de-14915f810bbf',_binary '\0','2019-05-22 11:47:35','2020-05-09 07:58:13'),(124,60,'cff7b47c-6b10-46e8-83e9-eaada461e875',_binary '\0','2019-05-22 11:48:38','2020-05-09 07:58:13'),(125,60,'8bb3bb2c-6c3f-4c90-b6d5-f50a95bcce8d',_binary '\0','2019-05-22 11:49:31','2020-05-09 07:58:13'),(126,60,'9bca8a0f-3511-4322-aed7-97dbdf61134e',_binary '\0','2019-05-22 11:52:03','2020-05-09 07:58:13'),(127,60,'43ae4966-38c3-4a8f-a9be-df3d131cd1a0',_binary '\0','2019-05-22 11:56:02','2020-05-09 07:58:13'),(128,60,'7ee0f01e-be46-471e-96f6-e75ae01e073b',_binary '\0','2019-05-23 09:35:49','2020-05-09 07:58:13'),(129,60,'596834ba-984c-4aaf-81b2-ec81a5087b9d',_binary '\0','2019-05-23 09:39:56','2020-05-09 07:58:13'),(130,60,'ad531ded-ed88-48d9-9657-ac8729189d75',_binary '\0','2019-05-23 09:40:20','2020-05-09 07:58:13'),(131,60,'c1444b73-51c2-4b3d-911c-cb4b929176ed',_binary '\0','2019-05-23 09:40:39','2020-05-09 07:58:13'),(132,60,'bcac9c36-a836-4800-9561-3d288f3724b6',_binary '\0','2019-05-23 09:41:12','2020-05-09 07:58:13'),(133,60,'c3dee27f-8ca7-43eb-a265-1686297f09b3',_binary '\0','2019-05-24 13:12:06','2020-05-09 07:58:13'),(134,60,'2b5e8789-3090-41a3-8aef-4c4083a593d1',_binary '\0','2019-05-24 13:13:06','2020-05-09 07:58:13'),(135,60,'0226d57e-27f3-4c74-8f41-9e65ce8486d9',_binary '\0','2019-05-24 13:13:36','2020-05-09 07:58:13'),(136,60,'93e6a97f-af3f-4812-a9f2-ecba43d4eec1',_binary '\0','2019-05-24 13:13:56','2020-05-09 07:58:13'),(137,60,'ae4a2463-4452-4e21-a012-5896b2d175cf',_binary '\0','2019-05-24 13:14:15','2020-05-09 07:58:13'),(138,60,'c2424500-fb93-4ebe-ae4f-10ba6f1f0a9d',_binary '\0','2019-05-24 13:20:07','2020-05-09 07:58:13'),(139,60,'2e1160f1-87a2-492d-aa87-cfae15e1f7cd',_binary '\0','2019-05-24 13:23:38','2020-05-09 07:58:13'),(140,60,'a7b791ed-61ea-4b79-a504-0eab43be3e2d',_binary '\0','2019-05-24 13:24:24','2020-05-09 07:58:13'),(141,60,'6de5cbf9-6dec-4965-8d56-ec74544194b3',_binary '\0','2019-05-24 13:24:43','2020-05-09 07:58:13'),(142,60,'274e5537-fe48-4686-8933-d671ba1bcb9e',_binary '\0','2019-05-24 13:25:12','2020-05-09 07:58:13'),(143,60,'7954f27c-f4a4-49ba-8c32-3d3572ab1bbb',_binary '\0','2019-05-24 13:25:35','2020-05-09 07:58:13'),(144,60,'bcd29bbb-d5ed-40b7-b71c-fd772ed4548f',_binary '\0','2019-05-24 13:26:59','2020-05-09 07:58:13'),(145,60,'776d909f-0170-4360-bf10-924b20774eb1',_binary '\0','2019-05-24 13:27:25','2020-05-09 07:58:13'),(146,60,'a2c93bad-8c25-446b-81e0-0eb64b3080f9',_binary '\0','2019-05-24 13:27:57','2020-05-09 07:58:13'),(147,60,'34d15d93-7c04-4396-8336-1f41193df23b',_binary '\0','2019-05-24 13:28:26','2020-05-09 07:58:13'),(148,60,'96fe2726-4553-4121-a5f0-2038563954a1',_binary '\0','2019-05-24 13:28:41','2020-05-09 07:58:13'),(149,60,'abf67505-d4ae-40f9-82ca-d080b9dde30e',_binary '\0','2019-05-24 13:30:03','2020-05-09 07:58:13'),(150,60,'5a5deb12-cd33-4b78-b616-d886a7e90bb5',_binary '\0','2019-05-24 13:33:37','2020-05-09 07:58:13'),(151,60,'2731ebe0-9178-496d-9af1-bd289ecc696b',_binary '\0','2019-05-24 13:34:04','2020-05-09 07:58:13'),(152,60,'fbac9efb-ec64-4eef-9b43-086e1d8c58bd',_binary '\0','2019-05-24 13:37:44','2020-05-09 07:58:13'),(153,60,'5468de29-7760-4314-8f4f-0ee76e3e45fb',_binary '\0','2019-05-24 13:38:01','2020-05-09 07:58:13'),(154,60,'df59fe5f-df52-4c4b-bab7-832a7cd7ef23',_binary '\0','2019-05-25 12:11:41','2020-05-09 07:58:13'),(155,60,'52e79207-cee0-4faa-b617-dc9f4bb85a3f',_binary '\0','2019-05-25 12:13:23','2020-05-09 07:58:13'),(156,60,'a48e6d0a-e8e2-43ff-890f-6442e37e3e87',_binary '\0','2019-05-25 12:13:47','2020-05-09 07:58:13'),(157,60,'f2f5c508-3dfc-4fbd-ba47-96091420c4c6',_binary '\0','2019-05-25 12:15:01','2020-05-09 07:58:13'),(158,60,'ddae7214-3160-4648-a53b-9d7c0f09eb38',_binary '\0','2019-05-25 12:15:41','2020-05-09 07:58:13'),(159,60,'e2d7094f-2833-4e3f-ba52-95b7372ef8d0',_binary '\0','2019-05-25 12:15:57','2020-05-09 07:58:13'),(160,60,'bd78c36a-8540-42a7-b3a2-ec8a8b5bb4d7',_binary '\0','2019-05-25 12:18:34','2020-05-09 07:58:13'),(161,60,'d66d7fbf-81fa-4935-ada4-84b183f92a4c',_binary '\0','2019-05-25 12:20:26','2020-05-09 07:58:13'),(162,60,'3fde6288-a0c6-4fdd-8762-6e38f31f2772',_binary '\0','2019-05-25 12:21:00','2020-05-09 07:58:13'),(163,60,'d958b373-9941-49ae-bfb4-a077be88a811',_binary '\0','2019-05-25 12:23:06','2020-05-09 07:58:13'),(164,60,'4c13973c-26a8-44c9-81a1-babd3687bc62',_binary '\0','2019-05-25 12:27:53','2020-05-09 07:58:13'),(165,60,'c64b9ab0-379f-4415-a196-97910b52688b',_binary '\0','2019-05-25 12:30:15','2020-05-09 07:58:13'),(166,60,'59c84973-71ed-486d-a99f-2d827a6a65c4',_binary '\0','2019-05-25 13:55:56','2020-05-09 07:58:13'),(167,60,'18a9857c-44f5-4e1c-910f-bebb546bc0b7',_binary '\0','2019-05-25 13:57:37','2020-05-09 07:58:13'),(168,60,'175ce5f4-15bd-49af-ae60-dca5054cba42',_binary '\0','2019-05-28 11:51:02','2020-05-09 07:58:13'),(169,60,'93ca7f8e-d73a-4f93-a161-be88fd445e8c',_binary '\0','2019-05-28 12:30:32','2020-05-09 07:58:13'),(170,60,'a42463c7-9b60-41cd-afdc-179077efb612',_binary '\0','2019-05-28 12:30:57','2020-05-09 07:58:13'),(171,60,'2c0cda3d-f6b3-490d-9716-37aafb475c05',_binary '\0','2019-05-28 12:32:58','2020-05-09 07:58:13'),(172,60,'8d015d06-d67b-4fe9-9f60-ec030d78c6cf',_binary '\0','2019-05-28 12:33:38','2020-05-09 07:58:13'),(173,60,'f50bf2c5-f4cd-4970-9b54-38fa76a1a5b4',_binary '\0','2019-05-28 12:34:14','2020-05-09 07:58:13'),(174,60,'1bda97ec-c7d0-481d-8187-7fd306d55abb',_binary '\0','2019-05-28 12:35:31','2020-05-09 07:58:13'),(175,60,'819ef52d-1d03-4aa8-8fc4-b4484f7a10d7',_binary '\0','2019-05-28 12:35:48','2020-05-09 07:58:13'),(176,60,'a4367cb4-9a81-4639-b706-5655a90e94f8',_binary '\0','2019-05-28 12:46:17','2020-05-09 07:58:13'),(177,60,'dd042f90-dbe8-4575-b4d3-61486f92f2bb',_binary '\0','2019-05-28 12:47:16','2020-05-09 07:58:13'),(178,60,'18860e78-74c5-46a4-ab9b-ddb7f362d380',_binary '\0','2019-05-28 12:48:36','2020-05-09 07:58:13'),(179,60,'efa2bc3a-0000-4876-b883-5127461beb17',_binary '\0','2019-05-28 12:50:28','2020-05-09 07:58:13'),(180,60,'ada63b5f-53c7-41b2-93df-6c2c3f104485',_binary '\0','2019-05-28 12:53:21','2020-05-09 07:58:13'),(181,60,'b6903c2f-38d7-4620-8bcd-dc15289e36a4',_binary '\0','2019-05-28 12:59:30','2020-05-09 07:58:13'),(182,60,'21cae90c-f8c8-4843-b736-8d87b881bdeb',_binary '\0','2019-05-28 13:05:24','2020-05-09 07:58:13'),(183,60,'43c82188-534a-4c56-9756-ff3746ab0806',_binary '\0','2019-05-28 13:05:57','2020-05-09 07:58:13'),(184,60,'1cffd318-c037-442f-a982-cdfbdfca9a5d',_binary '\0','2019-05-28 13:08:39','2020-05-09 07:58:13'),(185,60,'c7267bb2-19c7-4250-9adc-07d8a47fc3b4',_binary '\0','2019-05-28 13:09:33','2020-05-09 07:58:13'),(186,60,'a49933fb-154f-4eef-b18b-67b98ce6a2c9',_binary '\0','2019-05-28 14:14:58','2020-05-09 07:58:13'),(187,60,'665f1484-be6a-4548-86a1-c4fb42dea4a2',_binary '\0','2019-05-28 14:15:13','2020-05-09 07:58:13'),(188,60,'a0821ff9-72e3-435f-9b71-3e622b39bcfc',_binary '\0','2019-05-28 14:17:01','2020-05-09 07:58:13'),(189,60,'626b7c7d-ee1e-4404-81ed-e4db5797016f',_binary '\0','2019-05-28 14:17:16','2020-05-09 07:58:13'),(190,60,'40f48dd1-3291-4638-8e2e-2b9decfd0e30',_binary '\0','2019-05-28 14:19:16','2020-05-09 07:58:13'),(191,60,'f5b1393d-68ca-43d1-af56-63db882461ca',_binary '\0','2019-05-28 14:20:22','2020-05-09 07:58:13'),(192,60,'841342ce-f303-4de9-9b50-407495915a30',_binary '\0','2019-05-28 14:21:38','2020-05-09 07:58:13'),(193,60,'6dddf8bf-c943-473e-8d65-288571713ddc',_binary '\0','2019-05-28 14:21:56','2020-05-09 07:58:13'),(194,60,'0fbf02ae-c454-4949-93a7-7c4ded2df540',_binary '\0','2019-05-28 14:22:40','2020-05-09 07:58:13'),(195,60,'1f43bdfc-2b8d-4aba-bb48-7cb9d80c9205',_binary '\0','2019-05-28 14:25:27','2020-05-09 07:58:13'),(196,60,'ca29ebd0-93cc-4e53-957e-860050c333e5',_binary '\0','2019-05-28 14:25:59','2020-05-09 07:58:13'),(197,60,'64f9af59-52bd-4240-9efc-a1f1240ed096',_binary '\0','2019-05-29 08:37:00','2020-05-09 07:58:13'),(198,60,'fbb7ff0d-4b9a-462b-baf3-eb3dc5f23e94',_binary '\0','2019-05-29 08:38:13','2020-05-09 07:58:13'),(199,60,'c1f6fab9-63f4-4771-8132-a7a4e2a3b685',_binary '\0','2019-05-29 08:40:09','2020-05-09 07:58:13'),(200,60,'32bee01e-7398-4382-83f4-c8c3f50931ea',_binary '\0','2019-05-29 08:41:07','2020-05-09 07:58:13'),(201,60,'5242f943-004c-4c42-9d4e-bd1a72a787b1',_binary '\0','2019-05-29 08:41:23','2020-05-09 07:58:13'),(202,60,'dbed7bb3-ade1-496f-b93f-01ddd1f71583',_binary '\0','2019-05-29 08:41:41','2020-05-09 07:58:13'),(203,60,'9aa34901-4258-4c6d-b9f1-203106dc04e9',_binary '\0','2019-05-29 08:51:44','2020-05-09 07:58:13'),(204,60,'2d64c51f-fe65-4082-8d78-a2fecc9335f9',_binary '\0','2019-05-29 08:52:07','2020-05-09 07:58:13'),(205,60,'df2836ee-7f45-48a2-ad77-5c4ae508ea75',_binary '\0','2019-05-29 08:53:50','2020-05-09 07:58:13'),(206,60,'9682c9a4-b693-409e-930c-a4f5c643a044',_binary '\0','2019-05-29 08:54:24','2020-05-09 07:58:13'),(207,60,'b4adeeff-e529-43b1-a2f3-704cd86966a1',_binary '\0','2019-05-29 08:55:27','2020-05-09 07:58:13'),(208,60,'d4842e23-ac14-44f0-9e6f-80a9b699bbf3',_binary '\0','2019-05-29 08:56:09','2020-05-09 07:58:13'),(209,60,'675f32e4-a655-4625-90e6-72f15a3616bf',_binary '\0','2019-05-29 08:57:19','2020-05-09 07:58:13'),(210,60,'b0c294d1-0d76-4e3a-b90d-bdb329fdba26',_binary '\0','2019-05-29 09:00:05','2020-05-09 07:58:13'),(211,60,'7fac66d7-c41a-4918-a714-9a6c1045b572',_binary '\0','2019-05-29 09:00:39','2020-05-09 07:58:13'),(212,60,'f1c7cf5f-5eed-49b6-869a-bea62ec8d942',_binary '\0','2019-05-29 09:09:45','2020-05-09 07:58:13'),(213,60,'1c11feaa-d725-434b-b2e0-eeee9f6ed6b4',_binary '\0','2019-05-29 09:11:57','2020-05-09 07:58:13'),(214,60,'0666fe1f-41b8-4092-b026-b608f17f497c',_binary '\0','2019-05-29 09:13:11','2020-05-09 07:58:13'),(215,60,'65d4eed5-4ed1-4924-9bec-c88d8e6e6868',_binary '\0','2019-05-29 09:15:54','2020-05-09 07:58:13'),(216,60,'8a58dd05-b642-403c-adfe-88aeab7d7d45',_binary '\0','2019-05-29 09:16:34','2020-05-09 07:58:13'),(217,60,'e299db64-a792-4971-ab03-290963b0950a',_binary '\0','2019-05-30 11:31:49','2020-05-09 07:58:13'),(218,60,'33ca9192-3a3a-4549-bcb6-3a8443605d03',_binary '\0','2019-05-30 11:33:39','2020-05-09 07:58:13'),(219,60,'e344c779-bed3-48f3-907f-8170b78be9ea',_binary '\0','2019-05-30 11:34:48','2020-05-09 07:58:13'),(220,60,'529547ca-fc39-407b-b675-71a5a117dcd2',_binary '\0','2019-05-30 11:35:25','2020-05-09 07:58:13'),(221,60,'45636711-9fd1-4987-a338-10bae8ce9c18',_binary '\0','2019-05-30 11:38:49','2020-05-09 07:58:13'),(222,60,'33ca0399-f8f9-4de1-9b61-1eb455de656f',_binary '\0','2019-05-30 11:39:07','2020-05-09 07:58:13'),(223,60,'1cd5c2b2-d61c-4807-a6d1-729c69b8ae36',_binary '\0','2019-05-30 11:40:45','2020-05-09 07:58:13'),(224,60,'3187e881-7d94-4ea2-9fd7-40a0141798c3',_binary '\0','2019-05-30 11:41:17','2020-05-09 07:58:13'),(225,60,'edf6ddef-9794-42d2-ba6d-51f8b5609494',_binary '\0','2019-05-30 11:46:06','2020-05-09 07:58:13'),(226,60,'2c0de63a-c543-4425-8097-7d169fa3ce00',_binary '\0','2019-05-31 11:55:59','2020-05-09 07:58:13'),(227,60,'b7892618-315f-47d7-be63-c232d9e6c81b',_binary '\0','2019-05-31 11:56:43','2020-05-09 07:58:13'),(228,60,'26561842-a302-4c1a-907a-56eb8586211a',_binary '\0','2019-05-31 11:58:01','2020-05-09 07:58:13'),(229,60,'de92fabf-3b81-4e2a-b037-7b88c204099b',_binary '\0','2019-05-31 12:17:53','2020-05-09 07:58:13'),(230,59,'13327137-1f88-4cf4-87b1-aa6f99d826a7',_binary '\0','2019-05-31 12:18:52','2019-06-24 11:57:33'),(231,60,'de727731-e129-4bb2-a9bb-864094f1a2b1',_binary '\0','2019-05-31 12:36:45','2020-05-09 07:58:13'),(232,60,'1fc77c90-35f3-4360-95b0-d5fb40d23559',_binary '\0','2019-05-31 12:37:09','2020-05-09 07:58:13'),(233,60,'707e34ce-2363-48f8-bafd-dc394531a757',_binary '\0','2019-05-31 12:37:49','2020-05-09 07:58:13'),(234,60,'13839d8a-cffe-458a-9682-86418b02188e',_binary '\0','2019-05-31 12:38:18','2020-05-09 07:58:13'),(235,60,'673fc774-cab5-4a04-b562-d160c64ef654',_binary '\0','2019-05-31 12:38:51','2020-05-09 07:58:13'),(236,60,'bfd2d5db-1e3b-41b0-90d1-059d0b299d9b',_binary '\0','2019-05-31 12:41:20','2020-05-09 07:58:13'),(237,60,'45c191a7-f590-48a4-9a66-f34aef463661',_binary '\0','2019-05-31 12:41:41','2020-05-09 07:58:13'),(238,60,'a6d10e21-a174-4a14-8509-7eb179615304',_binary '\0','2019-05-31 12:42:43','2020-05-09 07:58:13'),(239,60,'ab2ec581-74b7-4a60-937d-455fd8d6fbb9',_binary '\0','2019-05-31 12:45:05','2020-05-09 07:58:13'),(240,60,'ce8e822c-2d24-4ad6-bd27-1820bc83dafd',_binary '\0','2019-05-31 12:46:27','2020-05-09 07:58:13'),(241,60,'667018af-aab8-4cad-88e2-abf7db2a7ee4',_binary '\0','2019-05-31 12:47:48','2020-05-09 07:58:13'),(242,60,'0c0fbdff-d6b6-4e82-b4ef-0eedff35950e',_binary '\0','2019-05-31 12:49:19','2020-05-09 07:58:13'),(243,60,'659bed04-13ac-4679-857e-1bc3e373a831',_binary '\0','2019-05-31 12:52:34','2020-05-09 07:58:13'),(244,60,'f336f486-60e8-474e-9538-e8b30081f38f',_binary '\0','2019-05-31 12:53:01','2020-05-09 07:58:13'),(245,60,'7acef642-fc29-4a79-9800-05f5d7fa6c7d',_binary '\0','2019-05-31 12:53:47','2020-05-09 07:58:13'),(246,60,'9faa658b-6353-4c10-8073-f4c08630a0c9',_binary '\0','2019-05-31 12:54:15','2020-05-09 07:58:13'),(247,60,'e5af69b7-d48d-469b-a28a-feb331fe4c93',_binary '\0','2019-05-31 12:54:27','2020-05-09 07:58:13'),(248,60,'b641e50f-390f-4e38-b8e8-68b908ced124',_binary '\0','2019-05-31 12:55:34','2020-05-09 07:58:13'),(249,60,'c9e9603f-56db-407c-aaae-a644b1f507a4',_binary '\0','2019-05-31 12:57:22','2020-05-09 07:58:13'),(250,60,'26b74b70-c992-4453-837d-5048b0c53e59',_binary '\0','2019-05-31 12:57:51','2020-05-09 07:58:13'),(251,60,'1297fd09-0416-4d3a-8a9d-0938ee391f73',_binary '\0','2019-05-31 13:00:30','2020-05-09 07:58:13'),(252,60,'001fa658-a412-44b4-a3c3-3f9d5e5da800',_binary '\0','2019-06-16 15:26:26','2020-05-09 07:58:13'),(253,60,'945b2fa5-c134-408e-85d4-aec8fb8cb778',_binary '\0','2019-06-16 15:36:31','2020-05-09 07:58:13'),(254,60,'f966de9b-7f85-4876-b09e-def145aabdcb',_binary '\0','2019-06-23 17:29:45','2020-05-09 07:58:13'),(255,60,'e680ea14-45eb-4fc0-87c8-9b8044209e05',_binary '\0','2019-06-24 10:45:14','2020-05-09 07:58:13'),(256,59,'dd78c232-1ff7-4b12-86f5-484c0cdc9aa6',_binary '','2019-06-24 11:57:33','2019-06-24 11:57:33'),(257,22,'4795ee13-ca3d-42d6-a29f-eb21dc41dfcb',_binary '\0','2019-06-25 06:45:11','2020-02-18 10:34:21'),(258,60,'a78aa2f2-6d3a-4682-ae11-cc17628b206a',_binary '\0','2019-06-25 06:47:03','2020-05-09 07:58:13'),(259,60,'c2faf4fa-9644-4c7e-9d22-43d35ac39c06',_binary '\0','2019-06-25 06:49:03','2020-05-09 07:58:13'),(260,22,'011102b7-3f91-4da1-b149-ae062c193c04',_binary '\0','2019-06-25 06:49:18','2020-02-18 10:34:21'),(261,60,'d5a074dd-f26a-4ba4-864f-47a3c809fd06',_binary '\0','2019-06-25 20:06:59','2020-05-09 07:58:13'),(262,60,'dc713fcf-eb81-47a0-9bf3-3ce9bff9559c',_binary '\0','2019-06-25 20:12:59','2020-05-09 07:58:13'),(263,60,'429abc23-2639-499b-8caf-99abc2662398',_binary '\0','2019-07-01 11:28:19','2020-05-09 07:58:13'),(264,60,'76b170be-c6dd-4d2d-817e-1d815941b76c',_binary '\0','2019-07-01 11:32:30','2020-05-09 07:58:13'),(265,60,'6cfef91d-e2c9-4d11-9299-d74371f15f0e',_binary '\0','2019-07-01 11:33:16','2020-05-09 07:58:13'),(266,60,'b2bf0431-81c5-41c7-9469-867da2b45dfa',_binary '\0','2019-07-03 10:15:20','2020-05-09 07:58:13'),(267,60,'577d4885-b1e3-46c7-a3bf-5e94b4355ee2',_binary '\0','2019-07-03 10:17:15','2020-05-09 07:58:13'),(268,18,'914da716-5281-4cd4-b628-2d71caa97f85',_binary '\0','2019-07-03 10:18:40','2020-04-08 08:21:18'),(269,60,'224bd000-31df-48ce-92c2-54b160913a14',_binary '\0','2019-07-03 13:18:50','2020-05-09 07:58:13'),(270,60,'f16ed98f-6aa4-4ba9-85ac-13e369f428df',_binary '\0','2019-07-03 13:19:16','2020-05-09 07:58:13'),(271,60,'38e8199c-1a4d-40e5-8554-be025e7b58be',_binary '\0','2019-07-03 13:20:34','2020-05-09 07:58:13'),(272,60,'6d2d0582-b4f7-4658-928c-3034665ef15d',_binary '\0','2019-07-03 13:24:58','2020-05-09 07:58:13'),(273,60,'6357c229-2b89-4b87-88e0-5c706ae00376',_binary '\0','2019-07-03 13:25:38','2020-05-09 07:58:13'),(274,60,'8876d017-097b-48d9-9d53-72fe319493a6',_binary '\0','2019-07-03 13:26:07','2020-05-09 07:58:13'),(275,60,'2f854a12-d466-4cc3-af72-38c63801119a',_binary '\0','2019-07-03 13:26:31','2020-05-09 07:58:13'),(276,60,'b0f0a21b-f2cc-48d2-8cc3-598e9894d8a4',_binary '\0','2019-07-03 13:27:00','2020-05-09 07:58:13'),(277,60,'03c6aba8-5162-444b-8874-0709c9c83a56',_binary '\0','2019-07-03 13:27:24','2020-05-09 07:58:13'),(278,60,'e1e5acd6-3f0f-4395-afe3-91f64afa5bd0',_binary '\0','2019-07-03 13:27:51','2020-05-09 07:58:13'),(279,60,'56fe2012-ee0b-44a9-a572-72492e8a0462',_binary '\0','2019-07-03 13:27:59','2020-05-09 07:58:13'),(280,60,'6434f4c3-f7e8-4d13-ae84-3f93d3f86344',_binary '\0','2019-07-03 13:28:19','2020-05-09 07:58:13'),(281,60,'1ec30b20-723a-4081-ad70-73007e925d42',_binary '\0','2019-07-03 13:28:41','2020-05-09 07:58:13'),(282,60,'533ad627-7e0e-49d6-a3be-bf59cdafb0ed',_binary '\0','2019-07-03 13:29:06','2020-05-09 07:58:13'),(283,60,'989afdba-eda8-43c7-aefe-768ae08674ed',_binary '\0','2019-07-03 13:29:31','2020-05-09 07:58:13'),(284,60,'f4fb17ab-9cb5-4ea3-b59f-2187fa1ed522',_binary '\0','2019-07-03 13:30:02','2020-05-09 07:58:13'),(285,17,'70183660-379d-4108-845d-768ef0a0f9f3',_binary '\0','2019-07-03 14:50:32','2019-07-03 14:50:49'),(286,60,'45ee25ec-02a8-4754-a40b-2aacc08182bb',_binary '\0','2019-07-03 14:51:03','2020-05-09 07:58:13'),(287,60,'0f228033-e82b-4691-94a2-36f8b2fb75fc',_binary '\0','2019-07-03 14:55:06','2020-05-09 07:58:13'),(288,60,'1d3a2024-84af-4e8f-848a-5d60e2194961',_binary '\0','2019-07-03 14:55:59','2020-05-09 07:58:13'),(289,60,'8dd580b1-ae03-46e2-83e2-1d2fa3060ddf',_binary '\0','2019-07-03 15:01:11','2020-05-09 07:58:13'),(290,60,'0d07c957-0660-4c11-8ae9-7a3c1a98aa39',_binary '\0','2019-07-03 15:01:26','2020-05-09 07:58:13'),(291,60,'cf174de5-c7f8-4584-ba92-ac0e79114555',_binary '\0','2019-07-03 15:01:40','2020-05-09 07:58:13'),(292,60,'85c6cd82-10d8-45a1-87ae-68f425068d42',_binary '\0','2019-07-09 11:21:08','2020-05-09 07:58:13'),(293,62,'51d2e507-d18e-44b0-8662-8ca757c6b12f',_binary '\0','2019-07-12 09:36:40','2020-01-12 11:46:24'),(294,62,'8348772c-a1c6-47d8-aa5c-7b6e94d9fa07',_binary '\0','2019-07-12 09:50:36','2020-01-12 11:46:24'),(295,62,'d522673c-2596-477d-89d5-3e44bc2424e1',_binary '\0','2019-07-12 09:51:42','2020-01-12 11:46:24'),(296,62,'259b7360-af0e-4f85-b05c-d67b917174f1',_binary '\0','2019-07-12 09:53:16','2020-01-12 11:46:24'),(297,62,'0fd00cc9-a126-4694-b3c3-dbd503fdcc47',_binary '\0','2019-07-12 09:55:17','2020-01-12 11:46:24'),(298,62,'3c9aa4d2-8b34-478f-a8e2-608e67ae966d',_binary '\0','2019-07-12 09:55:33','2020-01-12 11:46:24'),(299,60,'62c70bce-e18b-4f40-a410-d773b03e495f',_binary '\0','2019-07-14 08:34:38','2020-05-09 07:58:13'),(300,60,'9f90e89c-983f-4cf9-838b-1a26b803d9d0',_binary '\0','2019-07-14 08:35:24','2020-05-09 07:58:13'),(301,60,'9bc87e42-0c9b-4a17-90ff-c8cb57a86e24',_binary '\0','2019-07-14 08:35:37','2020-05-09 07:58:13'),(302,60,'668a3af9-0764-47f6-84b0-a394da14eb1e',_binary '\0','2019-07-14 08:35:52','2020-05-09 07:58:13'),(303,60,'2624aa41-e2fb-4ee2-8665-bbf220d31747',_binary '\0','2019-07-15 11:14:34','2020-05-09 07:58:13'),(304,60,'1bef871f-700d-47b9-bff4-5c5b855c7221',_binary '\0','2019-07-15 11:14:56','2020-05-09 07:58:13'),(305,60,'a7e1fe29-aef2-4770-ae37-edff35adc969',_binary '\0','2019-07-15 11:15:07','2020-05-09 07:58:13'),(306,60,'f6b426c9-deef-47b9-b2d2-9e88211023a6',_binary '\0','2019-07-20 08:47:44','2020-05-09 07:58:13'),(307,60,'a5a5c319-8659-4c8e-870a-5aae56bdda6f',_binary '\0','2019-07-20 09:22:27','2020-05-09 07:58:13'),(308,60,'623f73f0-534d-498e-959e-4c782d4b3820',_binary '\0','2019-07-20 09:24:43','2020-05-09 07:58:13'),(309,60,'4a717c48-2850-4abd-99ae-62daae7ac6ed',_binary '\0','2019-07-29 13:04:22','2020-05-09 07:58:13'),(310,60,'856332bb-776c-404f-8fbd-16a0b557bec9',_binary '\0','2019-07-29 13:58:58','2020-05-09 07:58:13'),(311,60,'abcad1ef-ed36-40cc-93f8-ae387e2fd55a',_binary '\0','2019-08-14 07:51:49','2020-05-09 07:58:13'),(312,20,'e4d847ed-9785-49d4-9de2-ba073d2443c7',_binary '\0','2019-08-14 08:30:27','2019-08-14 08:30:49'),(313,18,'a22a93d3-62e0-41f4-a1c5-927cc6b7a3bf',_binary '\0','2019-08-14 08:30:53','2020-04-08 08:21:18'),(314,60,'dce25640-8b14-4296-96c7-a9c19885e7b3',_binary '\0','2019-08-14 08:47:53','2020-05-09 07:58:13'),(315,60,'84783769-a574-452e-8801-4774add3b03c',_binary '\0','2019-08-14 08:49:38','2020-05-09 07:58:13'),(316,60,'6cf1e534-b80e-4e72-9c50-0dd55227e486',_binary '\0','2019-08-14 08:59:51','2020-05-09 07:58:13'),(317,60,'5c3cfe90-a0e6-4037-81d0-90c02cde61d7',_binary '\0','2019-08-14 09:00:13','2020-05-09 07:58:13'),(318,60,'62eb4f73-df65-4621-a1ea-be417ae59510',_binary '\0','2019-08-14 09:00:42','2020-05-09 07:58:13'),(319,60,'e6b5cb51-01f1-49ad-9ab4-dd3930e06767',_binary '\0','2019-08-14 09:01:06','2020-05-09 07:58:13'),(320,60,'33bcb8cc-b7da-4899-ac5f-f60a3fa0e467',_binary '\0','2019-08-14 09:32:49','2020-05-09 07:58:13'),(321,60,'3d477b1b-3ec1-423b-9d8f-a3aadcfecf4a',_binary '\0','2019-08-14 09:33:14','2020-05-09 07:58:13'),(322,60,'7475a442-9822-4c6b-990b-49592f8ea370',_binary '\0','2019-08-14 09:33:34','2020-05-09 07:58:13'),(323,62,'39063953-69c7-46a5-a8d5-73faf83aa2f2',_binary '\0','2019-08-14 10:25:00','2020-01-12 11:46:24'),(324,63,'dc18cc21-cd12-4042-a1c6-6d321e020a43',_binary '\0','2019-08-14 10:43:51','2020-04-06 15:12:55'),(325,60,'0b30c6a9-6a3d-4fdb-b9b8-fda9f6210b6e',_binary '\0','2019-08-14 10:44:34','2020-05-09 07:58:13'),(326,63,'baebba85-7be5-4a28-8832-c0cf9fc2cd4a',_binary '\0','2019-08-15 17:39:48','2020-04-06 15:12:55'),(327,60,'80a28466-5cf9-4206-87e7-0c2d6b65f68c',_binary '\0','2019-08-15 17:40:01','2020-05-09 07:58:13'),(328,60,'1e11741b-c032-4278-a5ca-b02739265899',_binary '\0','2019-08-15 17:41:28','2020-05-09 07:58:13'),(329,60,'d3f6bee9-6fd1-4f48-9e4c-0a4bb5291ac3',_binary '\0','2019-08-15 17:41:37','2020-05-09 07:58:13'),(330,60,'8c398a17-dcb7-4a4f-8231-25228a701cf9',_binary '\0','2019-08-15 17:42:10','2020-05-09 07:58:13'),(331,60,'b5480af6-ece8-4cfd-a3bc-2cbd5cb161a0',_binary '\0','2019-08-15 17:42:23','2020-05-09 07:58:13'),(332,60,'01d9f412-b645-4e4b-a183-80939b9fa106',_binary '\0','2019-08-15 17:52:41','2020-05-09 07:58:13'),(333,60,'311685e6-4d57-4af8-89a9-a0be9a4a9677',_binary '\0','2019-08-15 17:53:03','2020-05-09 07:58:13'),(334,60,'b25f1264-ff7d-4ac9-8c64-181c765e696e',_binary '\0','2019-08-15 17:57:38','2020-05-09 07:58:13'),(335,60,'8a529303-a649-4197-9f6d-e3ef96d4163d',_binary '\0','2019-08-15 17:58:01','2020-05-09 07:58:13'),(336,60,'731be35c-c904-4afe-ab3e-cc273e2479ad',_binary '\0','2019-08-15 18:21:22','2020-05-09 07:58:13'),(337,63,'9ccc62a9-6d79-43e3-8579-3efcf099cec8',_binary '\0','2019-08-16 07:31:40','2020-04-06 15:12:55'),(338,60,'6bf7171d-7c13-4ca4-bfa1-ee390e464511',_binary '\0','2019-08-16 07:44:16','2020-05-09 07:58:13'),(339,63,'0937db8b-f3c8-47b2-a5c1-966145d62cad',_binary '\0','2019-08-16 08:32:28','2020-04-06 15:12:55'),(340,60,'387eb808-4428-4abe-af29-202ac26f78a9',_binary '\0','2019-08-16 08:49:11','2020-05-09 07:58:13'),(341,63,'eaa72196-ded0-42c2-bd2f-eb09598d6b3f',_binary '\0','2019-08-16 08:50:24','2020-04-06 15:12:55'),(342,60,'f84c7001-feb6-49cf-9070-fc24dd5c880b',_binary '\0','2019-08-16 09:20:28','2020-05-09 07:58:13'),(343,60,'2b31ea66-b4c5-4295-aa94-3784dddb3417',_binary '\0','2019-08-16 09:46:17','2020-05-09 07:58:13'),(344,60,'68aeb1c5-d008-4be1-acd5-14401f14501f',_binary '\0','2019-08-16 09:46:58','2020-05-09 07:58:13'),(345,60,'33f37c54-3172-4588-bcf2-578cc7171b96',_binary '\0','2019-08-16 09:47:10','2020-05-09 07:58:13'),(346,60,'d9b8629e-fe04-4a2e-9422-b6d7fa574093',_binary '\0','2019-08-16 09:47:47','2020-05-09 07:58:13'),(347,60,'8531116e-ba96-4625-b13f-07f28e52d2c1',_binary '\0','2019-08-16 09:51:25','2020-05-09 07:58:13'),(348,60,'3c8cc418-4fc1-450f-9581-ad89d5cb91ba',_binary '\0','2019-08-16 09:53:03','2020-05-09 07:58:13'),(349,60,'23ea842c-b68c-4fdb-9736-e3ca95eb3ae7',_binary '\0','2019-08-16 09:54:34','2020-05-09 07:58:13'),(350,60,'699d8606-eceb-43f8-9e46-be53f484c7fb',_binary '\0','2019-08-16 09:54:55','2020-05-09 07:58:13'),(351,60,'8b21575a-2cf4-4e7b-b9f0-ac786992cdda',_binary '\0','2019-08-16 10:00:50','2020-05-09 07:58:13'),(352,18,'6d76d31e-e9ed-4b8b-ac7e-d6246b41fef9',_binary '\0','2019-08-16 10:01:53','2020-04-08 08:21:18'),(353,60,'40d585bc-dc96-4d35-ba83-89931e522c6c',_binary '\0','2019-08-16 10:02:22','2020-05-09 07:58:13'),(354,60,'f57eaaf1-7c32-48a2-80ca-0b5610fe5bb0',_binary '\0','2019-08-16 10:02:36','2020-05-09 07:58:13'),(355,60,'ec58c990-bb99-47b5-aa19-450acfa5c6bf',_binary '\0','2019-08-16 10:03:14','2020-05-09 07:58:13'),(356,60,'dccd883b-a828-4978-98f6-797627900cb8',_binary '\0','2019-08-16 10:03:24','2020-05-09 07:58:13'),(357,11,'27089190-88c8-4cb4-816c-6a4be061e8a6',_binary '\0','2019-08-16 10:03:37','2019-11-24 13:22:34'),(358,21,'24770fd8-749b-4a65-9665-c082e4959716',_binary '\0','2019-08-16 10:05:21','2019-08-16 10:13:19'),(359,60,'3c0e4d74-4f75-44f5-b4c1-8917b8f2709d',_binary '\0','2019-08-16 10:13:22','2020-05-09 07:58:13'),(360,60,'6fef1c5c-6a76-424b-bde2-98a10cbe5c4b',_binary '\0','2019-08-17 07:30:56','2020-05-09 07:58:13'),(361,60,'933ce574-3d3b-4f19-a174-76051a918da0',_binary '\0','2019-08-18 10:36:29','2020-05-09 07:58:13'),(362,60,'d3887d2a-2712-4edb-92a3-a524b6f734e9',_binary '\0','2019-08-19 12:59:00','2020-05-09 07:58:13'),(363,64,'b5f1f354-09d5-47d5-9ef5-8fbb740d59fd',_binary '\0','2019-08-19 13:03:05','2019-08-20 05:38:54'),(364,60,'73e58d40-6679-4aa9-96c8-a1136e8b711f',_binary '\0','2019-08-20 05:38:58','2020-05-09 07:58:13'),(365,22,'254d2f76-adeb-4eb2-80fe-63935fbecb53',_binary '\0','2019-08-20 07:20:57','2020-02-18 10:34:21'),(366,60,'71ee9cce-cdd3-47b9-9bba-bdbbae886258',_binary '\0','2019-08-20 07:24:09','2020-05-09 07:58:13'),(367,60,'a83fe793-a45f-48b4-a334-de0d99b14666',_binary '\0','2019-08-20 17:56:11','2020-05-09 07:58:13'),(368,60,'bd129d6e-890a-4804-a052-42100185601e',_binary '\0','2019-08-20 19:56:38','2020-05-09 07:58:13'),(369,63,'9bee27e6-c6ce-42e4-b75b-7667c9a2d74b',_binary '\0','2019-08-21 07:08:43','2020-04-06 15:12:55'),(370,60,'9ad0fa1d-3f1e-4e64-af26-4749e1310e89',_binary '\0','2019-08-21 07:22:12','2020-05-09 07:58:13'),(371,60,'bd99b317-9134-4f1a-bbf9-02f38aab793b',_binary '\0','2019-08-31 08:16:46','2020-05-09 07:58:13'),(372,60,'5167d09f-f021-43d1-a7f8-5ee6860fcca3',_binary '\0','2019-08-31 08:19:47','2020-05-09 07:58:13'),(373,60,'07e05f73-c7b4-4182-a077-975ab9a3b1b6',_binary '\0','2019-08-31 08:21:18','2020-05-09 07:58:13'),(374,60,'6d5d5c00-a9c7-4bf1-a46b-d4ba7234707a',_binary '\0','2019-08-31 08:23:03','2020-05-09 07:58:13'),(375,60,'efcecfc7-c60e-4fb7-8584-96e2c6e742dc',_binary '\0','2019-08-31 08:24:34','2020-05-09 07:58:13'),(376,60,'bc2cd93a-f007-49d1-aed1-5b04f60abb91',_binary '\0','2019-08-31 08:25:39','2020-05-09 07:58:13'),(377,60,'131bd7c9-25de-4787-98a4-bb82c9cd9082',_binary '\0','2019-08-31 08:27:48','2020-05-09 07:58:13'),(378,60,'676d3b98-393a-4042-ba27-69d01a1983f7',_binary '\0','2019-08-31 08:29:14','2020-05-09 07:58:13'),(379,62,'8e87e30f-448b-411d-b85a-21433e8cad26',_binary '\0','2019-08-31 18:14:38','2020-01-12 11:46:24'),(380,60,'31fc0c29-acd7-458e-b6c9-87d9e4e0082a',_binary '\0','2019-08-31 18:18:09','2020-05-09 07:58:13'),(381,62,'93adf70a-e1c0-4fbb-a26e-13ce8416c741',_binary '\0','2019-08-31 18:19:32','2020-01-12 11:46:24'),(382,60,'f615fafb-04ee-454e-b22f-e3dababeb37c',_binary '\0','2019-08-31 18:32:38','2020-05-09 07:58:13'),(383,65,'65fb1cdb-1f6c-4937-9e54-f6f22278f170',_binary '\0','2019-08-31 18:40:45','2019-09-01 07:24:41'),(384,60,'ba6e9564-374d-4834-a9cd-099926a19bc6',_binary '\0','2019-09-01 07:35:22','2020-05-09 07:58:13'),(385,60,'323b72cb-9867-475f-ab30-fb5974f2ba56',_binary '\0','2019-09-01 07:36:11','2020-05-09 07:58:13'),(386,62,'1555d6ab-9958-48e4-8238-ada51486de7f',_binary '\0','2019-09-01 07:36:59','2020-01-12 11:46:24'),(387,66,'0ad6a820-b98f-4ede-875b-350b00a8bd42',_binary '\0','2019-09-01 07:37:39','2020-04-07 18:28:20'),(388,60,'51c26ba9-4143-41a3-ba3b-564b4b47972c',_binary '\0','2019-09-01 07:38:07','2020-05-09 07:58:13'),(389,66,'e7a99b2f-b1e5-41b6-b34e-304efa7c9fc5',_binary '\0','2019-09-01 07:38:17','2020-04-07 18:28:20'),(390,19,'f7930553-1684-434d-b526-46ed7878e52d',_binary '\0','2019-09-01 07:49:08','2020-04-06 11:03:52'),(391,60,'978eb57b-c882-43b1-a88f-9e86a8882b9d',_binary '\0','2019-09-01 09:17:22','2020-05-09 07:58:13'),(392,62,'5f31a1bb-2985-435e-b9c4-08b7ddaee5fb',_binary '\0','2019-09-01 09:17:42','2020-01-12 11:46:24'),(393,60,'89e0df4f-c33e-40c3-8508-049ba3de66cf',_binary '\0','2019-09-01 09:50:43','2020-05-09 07:58:13'),(394,60,'1efb9cd3-5154-4ff6-b0f5-b86dae336341',_binary '\0','2019-09-11 08:30:22','2020-05-09 07:58:13'),(395,60,'65930edd-74c3-4dcf-8915-2ae50cbc5a1e',_binary '\0','2019-09-11 08:31:03','2020-05-09 07:58:13'),(396,60,'32052315-9769-49e4-836c-b5ad41591c0e',_binary '\0','2019-09-11 08:33:09','2020-05-09 07:58:13'),(397,60,'ea9375b3-babe-436f-a004-4f4b1cb35fca',_binary '\0','2019-09-11 09:22:29','2020-05-09 07:58:13'),(398,60,'01546557-4b79-46dc-8a95-bd084817a5bb',_binary '\0','2019-09-11 09:23:11','2020-05-09 07:58:13'),(399,60,'3dc67430-9844-4c24-93c3-664d27ead565',_binary '\0','2019-09-11 09:26:55','2020-05-09 07:58:13'),(400,60,'ef478711-3d15-4bae-a52b-72dd96952366',_binary '\0','2019-09-11 09:27:37','2020-05-09 07:58:13'),(401,60,'5b957d0e-2526-4d28-aab2-812a8921abfe',_binary '\0','2019-09-11 10:25:38','2020-05-09 07:58:13'),(402,60,'941fbf00-815c-40ca-a3d8-c8129761e53f',_binary '\0','2019-09-11 10:30:59','2020-05-09 07:58:13'),(403,60,'e8e10962-6c54-4836-b23f-25ddd2097257',_binary '\0','2019-09-11 10:31:40','2020-05-09 07:58:13'),(404,60,'6b124362-8eb9-4485-b59b-766c2b2ebad9',_binary '\0','2019-09-11 10:32:21','2020-05-09 07:58:13'),(405,60,'ee6264ca-1c08-47ae-bc77-d76241f2d6a3',_binary '\0','2019-09-11 10:33:42','2020-05-09 07:58:13'),(406,60,'e8cec687-c762-41e2-8e19-f9eb3fe8e99b',_binary '\0','2019-09-11 10:34:21','2020-05-09 07:58:13'),(407,30,'0eb37b96-5cba-4545-a950-f09b1d607e27',_binary '\0','2019-09-15 08:50:51','2019-09-15 08:51:48'),(408,18,'1b5da017-3648-4562-bbba-4c46f10a3ddd',_binary '\0','2019-09-15 08:51:51','2020-04-08 08:21:18'),(409,18,'7074f03a-32ca-48d9-b549-52384b4ce418',_binary '\0','2019-09-15 08:52:02','2020-04-08 08:21:18'),(410,60,'a51f9f46-71eb-49b3-a9f0-0e6c698b8404',_binary '\0','2019-09-15 09:33:01','2020-05-09 07:58:13'),(411,18,'32488a9e-fb69-439f-a515-fe151c00f89f',_binary '\0','2019-09-15 09:33:16','2020-04-08 08:21:18'),(412,60,'c1708bdc-7a70-41ce-a8c0-43f845fc053e',_binary '\0','2019-09-27 14:15:05','2020-05-09 07:58:13'),(413,60,'d4b7a61d-6bc8-413c-baba-ef3a99d12ad4',_binary '\0','2019-10-01 09:26:15','2020-05-09 07:58:13'),(414,60,'bcf7b099-c05b-4440-b99a-a8d04ed1a16e',_binary '\0','2019-10-09 10:16:59','2020-05-09 07:58:13'),(415,60,'6f869eee-33a4-442f-b3ff-39bd8447ab74',_binary '\0','2019-10-09 10:17:07','2020-05-09 07:58:13'),(416,60,'c2869cd1-85fb-4b24-8b37-55c0aa508ad1',_binary '\0','2019-10-09 10:20:23','2020-05-09 07:58:13'),(417,60,'5f7ed4c7-1233-4ebd-93fb-bf387b76cfcb',_binary '\0','2019-10-09 10:20:34','2020-05-09 07:58:13'),(418,14,'4013b476-4b46-4771-84c8-09143ab9acff',_binary '\0','2019-10-09 10:50:30','2020-02-12 15:41:42'),(419,22,'f3d9b244-a95a-45be-adc4-defe84def892',_binary '\0','2019-10-09 10:51:05','2020-02-18 10:34:21'),(420,60,'1147b631-08f8-4cdc-9c46-2f893d9c7059',_binary '\0','2019-11-05 15:28:30','2020-05-09 07:58:13'),(421,60,'30015a92-cf1e-4b1d-a3a0-1c7083137b60',_binary '\0','2019-11-15 09:00:59','2020-05-09 07:58:13'),(422,60,'f0eabd31-0c86-4967-8f58-57a5e3f0a960',_binary '\0','2019-11-17 18:23:12','2020-05-09 07:58:13'),(423,60,'5b4c2fa9-5ba3-481e-ae84-8c38cbadd100',_binary '\0','2019-11-17 18:24:53','2020-05-09 07:58:13'),(424,60,'a0ff0354-1c24-4733-8bbb-46400e6153d1',_binary '\0','2019-11-17 18:28:40','2020-05-09 07:58:13'),(425,18,'5d943dbf-9fbf-4a25-9e8c-f38ed0754dcb',_binary '\0','2019-11-22 14:41:25','2020-04-08 08:21:18'),(426,60,'1a389c56-4f2b-498a-9656-242a8f91f36a',_binary '\0','2019-11-22 15:17:29','2020-05-09 07:58:13'),(427,60,'ad02f423-6e37-48fe-b79c-e9087ea74d73',_binary '\0','2019-11-22 15:18:14','2020-05-09 07:58:13'),(428,60,'da6b7ee3-c044-4185-8454-cf95fe22efb7',_binary '\0','2019-11-22 15:19:13','2020-05-09 07:58:13'),(429,60,'6b2a663d-e77f-48f7-82b3-5e6d1f05fc3a',_binary '\0','2019-11-22 15:21:25','2020-05-09 07:58:13'),(430,60,'e6b0c8d0-60a8-4e2a-a86c-faf856900b12',_binary '\0','2019-11-22 15:22:27','2020-05-09 07:58:13'),(431,60,'453e83f0-af5e-49b9-af20-9090757c0d12',_binary '\0','2019-11-22 15:22:49','2020-05-09 07:58:13'),(432,60,'865afd35-4a27-4ea4-8d5d-f01e14c055bd',_binary '\0','2019-11-22 15:24:18','2020-05-09 07:58:13'),(433,60,'52257fef-2c0a-4c73-bb27-feaac5c28c6b',_binary '\0','2019-11-22 15:24:49','2020-05-09 07:58:13'),(434,60,'5ce00218-62ad-45e2-8677-d19290f7db92',_binary '\0','2019-11-22 15:26:06','2020-05-09 07:58:13'),(435,18,'d4892737-83a4-4142-9441-f687da046bce',_binary '\0','2019-11-22 16:22:09','2020-04-08 08:21:18'),(436,60,'28d50b1c-765f-49c3-b562-4ce2b822321a',_binary '\0','2019-11-22 16:25:48','2020-05-09 07:58:13'),(437,60,'78f7123d-127c-4986-ac55-3fe580355002',_binary '\0','2019-11-22 16:45:30','2020-05-09 07:58:13'),(438,60,'9bbbe237-9f76-4952-9864-cb57b8ecbb93',_binary '\0','2019-11-22 16:53:56','2020-05-09 07:58:13'),(439,18,'f2d3942a-7b21-4404-98f6-8efd51f905bc',_binary '\0','2019-11-24 13:20:31','2020-04-08 08:21:18'),(440,60,'7889b495-7f29-4b75-888d-4b67d2a2eddd',_binary '\0','2019-11-24 13:21:01','2020-05-09 07:58:13'),(441,18,'60d2ce3a-6b8d-4af2-97d5-9e8b084daa66',_binary '\0','2019-11-24 13:21:21','2020-04-08 08:21:18'),(442,11,'93553596-5628-4847-8964-b515035ef0dd',_binary '\0','2019-11-24 13:22:04','2019-11-24 13:22:34'),(443,43,'71ea7b3a-2e98-49c9-a6ab-d164f1099e18',_binary '\0','2019-11-24 13:22:38','2019-11-24 14:49:29'),(444,60,'2beea9f4-f3c4-4e83-a42f-bf98d31d0988',_binary '\0','2019-11-24 14:49:33','2020-05-09 07:58:13'),(445,60,'8cd7ae68-5baf-49fa-a947-887064d7c369',_binary '\0','2019-11-24 14:49:46','2020-05-09 07:58:13'),(446,60,'45f8692f-6a1e-44e6-9c62-2a200ea55036',_binary '\0','2019-11-24 14:50:34','2020-05-09 07:58:13'),(447,60,'1a540ee6-417c-4c70-89be-553072781d6f',_binary '\0','2019-11-24 14:52:05','2020-05-09 07:58:13'),(448,60,'dd167ef3-490b-4db3-b70c-4859ad45eb19',_binary '\0','2019-11-24 14:52:31','2020-05-09 07:58:13'),(449,60,'e370e54e-39c9-44be-8316-d756adad800e',_binary '\0','2019-11-24 14:53:24','2020-05-09 07:58:13'),(450,60,'7bef27bd-df8f-4c3d-8633-1f7f1422f2a7',_binary '\0','2019-11-24 14:53:56','2020-05-09 07:58:13'),(451,60,'6478e9a9-0ed0-4b1d-988b-eeba9be7fba7',_binary '\0','2019-11-24 14:54:43','2020-05-09 07:58:13'),(452,60,'f6a3d9df-acf0-4851-bf96-bcba6fea3e60',_binary '\0','2019-11-24 14:55:14','2020-05-09 07:58:13'),(453,60,'fee308b3-e201-4bbd-9516-b56466d1b4c0',_binary '\0','2019-11-24 14:55:33','2020-05-09 07:58:13'),(454,60,'5955a800-988d-4c47-829e-c8e540b99c8f',_binary '\0','2019-11-24 14:56:17','2020-05-09 07:58:13'),(455,60,'22c07e35-74da-43f4-bbf8-4754e286153d',_binary '\0','2019-11-24 14:56:42','2020-05-09 07:58:13'),(456,60,'d161a77e-4db2-45d5-a9bb-f084ca4fd58b',_binary '\0','2019-11-24 14:57:01','2020-05-09 07:58:13'),(457,60,'a14119fc-ea40-4637-a9bd-4a56024b409f',_binary '\0','2019-11-24 14:58:03','2020-05-09 07:58:13'),(458,60,'a5b33c61-619f-41b5-86f5-7c6bacaad977',_binary '\0','2019-11-24 14:58:51','2020-05-09 07:58:13'),(459,60,'a9a060bb-acb2-46c8-8d87-9bb1424c9291',_binary '\0','2019-11-24 15:15:18','2020-05-09 07:58:13'),(460,60,'9089998e-0088-477b-a078-d4a7c079c358',_binary '\0','2019-11-24 15:16:14','2020-05-09 07:58:13'),(461,60,'1190344d-219d-4bbe-b72b-6a12d6a05ff7',_binary '\0','2019-11-24 15:16:44','2020-05-09 07:58:13'),(462,60,'a01a29a6-754e-45d6-a719-b47e8c6ccbd0',_binary '\0','2019-11-24 15:17:15','2020-05-09 07:58:13'),(463,60,'696ccfc1-954a-4f8f-aca6-70912d1524e9',_binary '\0','2019-11-24 15:17:27','2020-05-09 07:58:13'),(464,60,'8c9b7e97-b8fd-4bd5-ae0c-4afa561297c5',_binary '\0','2019-11-24 15:17:49','2020-05-09 07:58:13'),(465,60,'46145505-22e2-41cd-a04f-948d7bdb5b93',_binary '\0','2019-11-24 15:20:11','2020-05-09 07:58:13'),(466,60,'2bf42fc9-a184-4d53-be47-04e68129cb43',_binary '\0','2019-11-24 15:20:33','2020-05-09 07:58:13'),(467,60,'c5f2638c-a1ec-4aa5-bd61-8dca352366dc',_binary '\0','2019-11-24 15:21:17','2020-05-09 07:58:13'),(468,60,'3f20ff2d-f901-4855-b5f7-440a8b27aa32',_binary '\0','2019-11-24 15:49:24','2020-05-09 07:58:13'),(469,60,'abf7841e-f112-4bd7-953e-20dd1a1a9377',_binary '\0','2019-11-24 15:58:20','2020-05-09 07:58:13'),(470,60,'685dae4d-51ab-4e05-8cb0-c35fd021a634',_binary '\0','2019-11-24 15:58:39','2020-05-09 07:58:13'),(471,60,'5b72f996-58f7-4c69-9d32-12a61e37ab7c',_binary '\0','2019-11-24 15:59:36','2020-05-09 07:58:13'),(472,60,'ca2a3f81-107e-4aed-957a-c351ec69c7f9',_binary '\0','2019-11-24 16:00:07','2020-05-09 07:58:13'),(473,60,'2038a817-9348-42d5-9128-86f035e4b621',_binary '\0','2019-11-24 16:00:47','2020-05-09 07:58:13'),(474,60,'be0eb68b-4b64-4451-b9fc-39d3c64a975b',_binary '\0','2019-11-24 16:01:45','2020-05-09 07:58:13'),(475,60,'51a20c9d-237c-4622-b291-43f914068045',_binary '\0','2019-11-24 16:02:28','2020-05-09 07:58:13'),(476,60,'10c9df55-40a0-45a8-a015-33c16b58d34d',_binary '\0','2019-11-24 16:03:40','2020-05-09 07:58:13'),(477,60,'dbefa427-f235-494f-be00-f18cca25b10a',_binary '\0','2019-11-24 16:04:51','2020-05-09 07:58:13'),(478,60,'bd0f2351-a0a0-403c-8dc9-6b8aac0714af',_binary '\0','2019-11-24 16:05:35','2020-05-09 07:58:13'),(479,60,'6f13b67e-452e-48f8-95a8-d19d2420c12c',_binary '\0','2019-11-24 16:06:27','2020-05-09 07:58:13'),(480,60,'93bea4b2-4fdc-4dd6-bbd3-2fefdd5ac02a',_binary '\0','2019-11-24 16:08:13','2020-05-09 07:58:13'),(481,60,'8a9813c0-e16d-4026-a109-12dd78b4b0d9',_binary '\0','2019-11-24 16:08:58','2020-05-09 07:58:13'),(482,60,'20807321-a45e-4f8d-a8e6-ad0b5a0d39e4',_binary '\0','2019-11-24 16:10:49','2020-05-09 07:58:13'),(483,60,'77397913-b32f-4a3c-b90e-df17e2356b03',_binary '\0','2019-11-24 16:13:35','2020-05-09 07:58:13'),(484,60,'a92132b2-48fe-4e28-a75f-c3b9cdf09a69',_binary '\0','2019-11-24 16:13:58','2020-05-09 07:58:13'),(485,15,'3aff709d-5fbf-4c28-bea1-5f95ca87ea95',_binary '\0','2019-11-24 16:44:14','2020-02-24 13:15:18'),(486,60,'08c32c22-d625-4fc2-8301-8cf99e620503',_binary '\0','2019-11-24 16:44:57','2020-05-09 07:58:13'),(487,60,'70ca4b70-6fa2-43c6-8eea-264bf8db1024',_binary '\0','2019-12-04 18:02:02','2020-05-09 07:58:13'),(488,60,'1e15f9ec-f887-4792-86f7-8ab4c518f07e',_binary '\0','2019-12-04 18:03:00','2020-05-09 07:58:13'),(489,60,'fbdb127e-8a93-4004-940e-551a0d2defb3',_binary '\0','2019-12-05 11:08:57','2020-05-09 07:58:13'),(490,60,'17ff66dc-6ea9-425d-97a0-6a19fc573fff',_binary '\0','2019-12-05 11:12:31','2020-05-09 07:58:13'),(491,60,'6c4cff30-7637-47c1-a9d7-7bf22b9593e2',_binary '\0','2019-12-05 11:15:06','2020-05-09 07:58:13'),(492,60,'63c4ba9d-1619-4cb3-9cc2-3b42ef4f1068',_binary '\0','2019-12-05 11:17:59','2020-05-09 07:58:13'),(493,60,'da4a1f21-f9a2-43af-8179-baa6225ebf54',_binary '\0','2019-12-05 11:19:04','2020-05-09 07:58:13'),(494,60,'35f46519-f863-4950-8bc1-92be587fa94a',_binary '\0','2019-12-05 11:20:03','2020-05-09 07:58:13'),(495,60,'eeb95e01-6d6b-4c4e-9844-ce6db82906d5',_binary '\0','2019-12-05 11:22:10','2020-05-09 07:58:13'),(496,60,'90e78111-3ddc-4362-8bc3-e8f5645eba45',_binary '\0','2019-12-05 12:30:40','2020-05-09 07:58:13'),(497,60,'b97effbd-53f5-41eb-b581-a505edac7c40',_binary '\0','2019-12-05 12:31:26','2020-05-09 07:58:13'),(498,60,'164a353f-c38b-4a43-9719-17aee6349646',_binary '\0','2019-12-05 12:32:55','2020-05-09 07:58:13'),(499,60,'008b1d0a-7b09-49ae-b47a-1b1835e5b470',_binary '\0','2019-12-05 12:33:38','2020-05-09 07:58:13'),(500,60,'aca3c3c3-7cbd-4e7b-9fa3-4ebe53f70970',_binary '\0','2019-12-05 12:34:30','2020-05-09 07:58:13'),(501,60,'63b9bd7d-5357-4c69-95a1-cdaf020a3905',_binary '\0','2019-12-05 12:35:59','2020-05-09 07:58:13'),(502,60,'98fa2ad6-0a60-4380-b850-f0e52a948744',_binary '\0','2019-12-05 12:41:27','2020-05-09 07:58:13'),(503,60,'ccbf4065-af97-4958-b809-01b956c8456d',_binary '\0','2019-12-05 12:44:21','2020-05-09 07:58:13'),(504,60,'e5b6a3c4-029f-428f-a2be-a3a08b2f7ccc',_binary '\0','2019-12-05 12:44:57','2020-05-09 07:58:13'),(505,60,'e37df2c7-0395-49e5-99a9-eee2fe1de3ba',_binary '\0','2019-12-05 12:46:15','2020-05-09 07:58:13'),(506,60,'a400fa43-fe7a-4c9f-ba28-f556a95c0099',_binary '\0','2019-12-05 12:46:29','2020-05-09 07:58:13'),(507,60,'ee14a99d-48aa-413b-9c37-d248c25c94d8',_binary '\0','2019-12-05 13:19:16','2020-05-09 07:58:13'),(508,60,'ce42d4bc-0dd4-4863-83e8-9a55be6337bc',_binary '\0','2019-12-05 13:19:29','2020-05-09 07:58:13'),(509,60,'18ac712a-9440-4189-a432-4b779a778a45',_binary '\0','2019-12-14 16:51:42','2020-05-09 07:58:13'),(510,60,'cebbc827-8cde-4d3e-bfbe-1b2c7694eaa0',_binary '\0','2019-12-14 16:52:28','2020-05-09 07:58:13'),(511,60,'b1dfaf18-b436-426e-bdbe-deb3dd35cf24',_binary '\0','2019-12-14 16:53:32','2020-05-09 07:58:13'),(512,60,'cd39769d-63cd-4d6c-aa92-d1b8e6b349d1',_binary '\0','2019-12-14 16:54:05','2020-05-09 07:58:13'),(513,60,'25e0129e-476d-4177-855c-4a26efcae784',_binary '\0','2019-12-14 16:55:14','2020-05-09 07:58:13'),(514,60,'26f87acc-d19e-4538-8181-17d7a71e46a7',_binary '\0','2019-12-14 16:56:00','2020-05-09 07:58:13'),(515,60,'e00ab746-71b8-439c-a223-1328610d4ada',_binary '\0','2019-12-14 16:56:50','2020-05-09 07:58:13'),(516,60,'1b81764d-854f-4008-be67-cf637593154d',_binary '\0','2019-12-14 16:58:33','2020-05-09 07:58:13'),(517,60,'e3c14643-43a5-4db2-9f2e-1b5b32d41382',_binary '\0','2019-12-14 16:58:58','2020-05-09 07:58:13'),(518,60,'6ec50e7e-79c8-463a-9918-71d9aca0b13e',_binary '\0','2019-12-14 16:59:44','2020-05-09 07:58:13'),(519,60,'5ca2f464-9b52-4145-9953-12474eafe677',_binary '\0','2019-12-14 17:00:18','2020-05-09 07:58:13'),(520,60,'4d0d9823-0442-4d26-93a7-0ff34cc8fe3e',_binary '\0','2019-12-14 17:01:34','2020-05-09 07:58:13'),(521,60,'da6682c6-94b0-419f-bc8a-3f26c0c2efd8',_binary '\0','2019-12-14 17:03:16','2020-05-09 07:58:13'),(522,60,'385ddc57-d072-4375-b984-afd03045bc75',_binary '\0','2020-01-12 11:22:28','2020-05-09 07:58:13'),(523,60,'83f19161-e457-49a5-aa8d-c2eb58725a51',_binary '\0','2020-01-12 11:23:07','2020-05-09 07:58:13'),(524,60,'9053d772-44b1-4f8e-96bf-d9fbce135879',_binary '\0','2020-01-12 11:24:13','2020-05-09 07:58:13'),(525,60,'0a7467d2-bc36-4313-bbc8-46043db44e7d',_binary '\0','2020-01-12 11:25:05','2020-05-09 07:58:13'),(526,60,'24d9975d-09e8-4363-9107-20833f19ae06',_binary '\0','2020-01-12 11:25:51','2020-05-09 07:58:13'),(527,60,'1abebaae-88bb-48d8-b511-8b2e6844b6d3',_binary '\0','2020-01-12 11:26:23','2020-05-09 07:58:13'),(528,60,'2ee6eb3c-6dc8-4deb-8f75-bf1572e026b8',_binary '\0','2020-01-12 11:26:47','2020-05-09 07:58:13'),(529,60,'960fc189-a002-45d6-ba9a-646acff013cc',_binary '\0','2020-01-12 11:27:10','2020-05-09 07:58:13'),(530,60,'b2356bb0-238f-4937-b321-a1376dc9bf83',_binary '\0','2020-01-12 11:28:48','2020-05-09 07:58:13'),(531,60,'12894ec9-668d-467b-aa10-6d739cf75339',_binary '\0','2020-01-12 11:32:33','2020-05-09 07:58:13'),(532,60,'faa6a972-6c36-4e09-9a62-ddb979f657bd',_binary '\0','2020-01-12 11:33:09','2020-05-09 07:58:13'),(533,60,'3f769900-40ce-4ce8-8aa9-13d8ab1cb4f3',_binary '\0','2020-01-12 11:33:22','2020-05-09 07:58:13'),(534,60,'cdb9ece5-f594-4329-b709-63d4a979a3c2',_binary '\0','2020-01-12 11:33:42','2020-05-09 07:58:13'),(535,60,'6de11082-edb6-4fdc-a76c-eb7062a5e7c9',_binary '\0','2020-01-12 11:34:29','2020-05-09 07:58:13'),(536,60,'27b7eda9-672d-4760-860a-1972a07a6853',_binary '\0','2020-01-12 11:35:09','2020-05-09 07:58:13'),(537,60,'24fa86c4-4136-4712-9914-1a602fc62643',_binary '\0','2020-01-12 11:36:44','2020-05-09 07:58:13'),(538,60,'9a02207b-7dfa-4e74-af79-bca1eb06a8a2',_binary '\0','2020-01-12 11:37:11','2020-05-09 07:58:13'),(539,60,'cb7e9d0d-c65a-44db-9706-14f38ca9244c',_binary '\0','2020-01-12 11:38:37','2020-05-09 07:58:13'),(540,60,'5a0dd49e-765e-489f-8a21-4870ace19ac7',_binary '\0','2020-01-12 11:40:17','2020-05-09 07:58:13'),(541,60,'4d2c57c0-5e55-4430-887a-0cec2e25e625',_binary '\0','2020-01-12 11:40:31','2020-05-09 07:58:13'),(542,60,'027edca5-84a5-40bc-844c-6a9834b1bcaa',_binary '\0','2020-01-12 11:42:11','2020-05-09 07:58:13'),(543,60,'c32f4ef6-bfbe-4663-ae96-312571e085c0',_binary '\0','2020-01-12 11:42:25','2020-05-09 07:58:13'),(544,60,'13eeee54-74bf-4088-b7ec-8921a21e9c2d',_binary '\0','2020-01-12 11:43:21','2020-05-09 07:58:13'),(545,60,'675042af-472b-4598-b400-03df1e2f132d',_binary '\0','2020-01-12 11:44:14','2020-05-09 07:58:13'),(546,62,'1c4774d0-1ac1-4e91-98c8-66a16679fb65',_binary '\0','2020-01-12 11:44:49','2020-01-12 11:46:24'),(547,15,'6cf7fd67-02a2-4f96-af87-e62aba29581b',_binary '\0','2020-01-12 11:46:48','2020-02-24 13:15:18'),(548,60,'368fd9ef-fe01-423e-beec-48e5732dc1e4',_binary '\0','2020-01-12 11:49:41','2020-05-09 07:58:13'),(549,60,'31b78d4b-a5d8-4595-a97b-83a2910b4f7e',_binary '\0','2020-01-12 11:49:46','2020-05-09 07:58:13'),(550,60,'5f0b49fa-d710-4560-8f01-c90f4b7e9ffa',_binary '\0','2020-01-12 11:50:58','2020-05-09 07:58:13'),(551,60,'3e9c5060-1ed7-4b8b-8ca3-a91a09adc8a8',_binary '\0','2020-01-20 16:10:21','2020-05-09 07:58:13'),(552,60,'4aff137b-4048-4c00-82fe-a3a7fa649a98',_binary '\0','2020-01-21 08:55:11','2020-05-09 07:58:13'),(553,66,'5164b1e0-5a36-4d9e-a3fc-a8ed186af3e5',_binary '\0','2020-01-22 13:45:12','2020-04-07 18:28:20'),(554,66,'64607664-7485-46cf-9322-e1ff9781e2e2',_binary '\0','2020-01-22 13:45:25','2020-04-07 18:28:20'),(555,66,'e6482cf8-1617-4aea-a11e-f59e1ed19c90',_binary '\0','2020-01-22 13:45:54','2020-04-07 18:28:20'),(556,66,'ba949e6a-2134-4941-aea4-81fdcd96285a',_binary '\0','2020-01-22 13:47:37','2020-04-07 18:28:20'),(557,66,'74708a17-550d-4b11-8b03-a9b97eb2afe2',_binary '\0','2020-01-22 13:50:19','2020-04-07 18:28:20'),(558,66,'49751a4e-6e48-4fc7-befe-33e34b9b0d26',_binary '\0','2020-01-22 13:53:38','2020-04-07 18:28:20'),(559,66,'7484424e-d6b7-4775-b0e6-8167af00b301',_binary '\0','2020-01-22 13:55:50','2020-04-07 18:28:20'),(560,66,'17da5d5f-0a5f-4e5f-9fcf-b1dad718c616',_binary '\0','2020-01-22 13:56:44','2020-04-07 18:28:20'),(561,66,'f80c1c25-dc2c-476f-b54f-8d87821f1d49',_binary '\0','2020-01-22 13:58:13','2020-04-07 18:28:20'),(562,66,'53a70b11-b176-4ecc-afc7-de4377491b83',_binary '\0','2020-01-22 13:58:59','2020-04-07 18:28:20'),(563,66,'7ad44ce1-7db9-468a-94b4-648224dabc5e',_binary '\0','2020-01-22 14:05:38','2020-04-07 18:28:20'),(564,66,'3b805e3e-ad38-4209-88a5-c06600fce66e',_binary '\0','2020-01-29 12:15:10','2020-04-07 18:28:20'),(565,60,'a86a628c-eb06-4ebf-a53c-9967f44e3c61',_binary '\0','2020-02-08 13:00:23','2020-05-09 07:58:13'),(566,66,'13672883-6ff9-433d-aea4-2f7e1d8316da',_binary '\0','2020-02-12 12:25:26','2020-04-07 18:28:20'),(567,66,'c159cb50-4692-4bb0-b4ec-0efb4d5ab762',_binary '\0','2020-02-12 14:59:57','2020-04-07 18:28:20'),(568,66,'c946db1e-2fec-44b3-8663-977527396af3',_binary '\0','2020-02-12 15:03:21','2020-04-07 18:28:20'),(569,66,'c71a36fb-c8fc-4613-a7c3-d572716125f3',_binary '\0','2020-02-12 15:24:01','2020-04-07 18:28:20'),(570,15,'d5b47497-46cb-48ec-9b67-435f8e21faf8',_binary '\0','2020-02-12 15:40:24','2020-02-24 13:15:18'),(571,14,'0db52d18-ecf3-486b-9c97-f1d118edbfcd',_binary '\0','2020-02-12 15:41:15','2020-02-12 15:41:42'),(572,18,'21e85cf5-173b-453b-9cd3-0eef8c15cbb0',_binary '\0','2020-02-12 15:41:51','2020-04-08 08:21:18'),(573,22,'a1da3382-6572-4d44-b8e9-d5bbc225b87c',_binary '\0','2020-02-12 15:42:53','2020-02-18 10:34:21'),(574,24,'46e57ad0-ddb3-4029-b44b-b3abbd31258b',_binary '\0','2020-02-12 15:43:59','2020-02-18 10:35:58'),(575,66,'ce206023-ec9d-4261-9a18-13ca8c8cadde',_binary '\0','2020-02-18 09:37:25','2020-04-07 18:28:20'),(576,66,'d69347bd-b127-442f-9004-77a3219ac5b3',_binary '\0','2020-02-18 09:38:11','2020-04-07 18:28:20'),(577,66,'404ba000-4ff2-4de6-922d-1583c19ffae9',_binary '\0','2020-02-18 09:42:26','2020-04-07 18:28:20'),(578,66,'427de28a-361a-49dc-8429-3f845fc132c3',_binary '\0','2020-02-18 09:43:11','2020-04-07 18:28:20'),(579,66,'82164e2a-eca8-438a-b506-6d1e1c6db8b3',_binary '\0','2020-02-18 09:46:48','2020-04-07 18:28:20'),(580,18,'a1343a3a-85aa-43f6-a17c-698152cac556',_binary '\0','2020-02-18 10:16:14','2020-04-08 08:21:18'),(581,66,'132d8aac-5851-4174-b17e-7eeb0cc775a5',_binary '\0','2020-02-18 10:21:46','2020-04-07 18:28:20'),(582,22,'28fbfd7a-2e22-483c-9a83-8ecccb3de325',_binary '\0','2020-02-18 10:30:02','2020-02-18 10:34:21'),(583,24,'68b2879c-eb20-4d8f-ab5d-eea32e3a6654',_binary '\0','2020-02-18 10:34:37','2020-02-18 10:35:58'),(584,66,'d02e7618-bcf3-475e-b43f-6e7c15f42bdd',_binary '\0','2020-02-18 10:36:14','2020-04-07 18:28:20'),(585,29,'b72cd247-409a-4196-b73d-682d2796cd74',_binary '\0','2020-02-18 10:36:53','2020-02-18 10:46:59'),(586,66,'c2f15631-a2ce-4ac6-b1bd-bc8a5e0b1cc2',_binary '\0','2020-02-18 10:47:16','2020-04-07 18:28:20'),(587,33,'75b84b53-7d2a-4849-8c98-3377edd9425d',_binary '\0','2020-02-18 10:47:46','2020-02-18 10:54:55'),(588,66,'4bf9fe4f-b5f0-4913-99ce-533810dd701a',_binary '\0','2020-02-18 10:55:10','2020-04-07 18:28:20'),(589,66,'66230f65-230f-478f-9719-ce58427e8096',_binary '\0','2020-02-18 10:55:49','2020-04-07 18:28:20'),(590,66,'758c4296-e104-434f-8208-464d43302610',_binary '\0','2020-02-21 14:22:54','2020-04-07 18:28:20'),(591,66,'5fd2efa7-96a7-42ed-ba01-85f92ef4d61a',_binary '\0','2020-02-21 14:44:13','2020-04-07 18:28:20'),(592,66,'cde463a3-8868-48f3-a232-4cd74bdca32a',_binary '\0','2020-02-21 14:46:59','2020-04-07 18:28:20'),(593,66,'1005acde-80d0-40a0-af6b-49c2163921a2',_binary '\0','2020-02-21 14:47:22','2020-04-07 18:28:20'),(594,66,'2775cfcc-33e1-4c8a-83d4-2285b320ce3c',_binary '\0','2020-02-23 15:48:41','2020-04-07 18:28:20'),(595,66,'233fc4ed-c448-4cba-a0e0-7e8769fa522f',_binary '\0','2020-02-23 15:54:04','2020-04-07 18:28:20'),(596,66,'41f9547d-15c2-4a18-aea8-22f69ca60573',_binary '\0','2020-02-23 16:39:59','2020-04-07 18:28:20'),(597,66,'1f027f5a-e714-4b96-a50c-309511b2b528',_binary '\0','2020-02-23 16:42:19','2020-04-07 18:28:20'),(598,66,'4154ab0d-1304-46d7-953b-1d09b16898bb',_binary '\0','2020-02-23 16:43:58','2020-04-07 18:28:20'),(599,66,'240f1edf-b710-48c7-ae1b-d5922a6db5d8',_binary '\0','2020-02-23 16:44:33','2020-04-07 18:28:20'),(600,66,'12d2e56c-d963-4b83-9668-005f7c267266',_binary '\0','2020-02-23 16:45:11','2020-04-07 18:28:20'),(601,66,'329e1732-75fe-40e4-9e91-1a7849b12905',_binary '\0','2020-02-23 16:46:35','2020-04-07 18:28:20'),(602,66,'0064e839-51a8-48b9-90ef-c7fa4a969fe6',_binary '\0','2020-02-23 16:50:12','2020-04-07 18:28:20'),(603,66,'f34f022a-ed07-4482-9b6f-172bd6f0f897',_binary '\0','2020-02-23 16:52:13','2020-04-07 18:28:20'),(604,66,'37422fb8-f9e6-49d7-85fe-8733b7a32db1',_binary '\0','2020-02-23 16:52:51','2020-04-07 18:28:20'),(605,66,'7dfc83bb-da51-45ed-ae36-551390a0992b',_binary '\0','2020-02-23 17:00:32','2020-04-07 18:28:20'),(606,66,'b96db0e9-c71b-4b48-9076-f7ed595a307a',_binary '\0','2020-02-23 17:02:03','2020-04-07 18:28:20'),(607,66,'96b97b02-5eaf-4a88-895d-c886d3ccc3d4',_binary '\0','2020-02-23 17:02:43','2020-04-07 18:28:20'),(608,66,'dd7bd2f4-589d-48aa-a421-11a4dc85fe75',_binary '\0','2020-02-23 17:04:51','2020-04-07 18:28:20'),(609,66,'0c101654-bf49-4d7e-af61-6b558ad1e6b4',_binary '\0','2020-02-23 17:10:35','2020-04-07 18:28:20'),(610,66,'2636d6cf-e4a3-4d86-a555-a44818daf100',_binary '\0','2020-02-23 17:11:54','2020-04-07 18:28:20'),(611,66,'705c7a75-f648-430f-bd2a-1df67a101efa',_binary '\0','2020-02-23 17:13:10','2020-04-07 18:28:20'),(612,66,'9c228802-c0bd-40e8-aef3-90b2d7e9b634',_binary '\0','2020-02-23 17:13:35','2020-04-07 18:28:20'),(613,66,'44d05adf-04f1-4790-9ebf-79f7d82b8dca',_binary '\0','2020-02-23 17:51:34','2020-04-07 18:28:20'),(614,66,'5c591087-b8c3-4db0-ab80-04b222cf838c',_binary '\0','2020-02-23 17:52:07','2020-04-07 18:28:20'),(615,66,'dfc9a9c2-cda6-4da8-962e-b7f4fbf7089d',_binary '\0','2020-02-23 18:03:17','2020-04-07 18:28:20'),(616,66,'b23bf474-617d-42e5-8ec8-b6ec66daa189',_binary '\0','2020-02-23 18:04:47','2020-04-07 18:28:20'),(617,66,'74f808f3-5cbb-4471-a5c8-c3015a71f072',_binary '\0','2020-02-23 18:06:06','2020-04-07 18:28:20'),(618,66,'5e2bb9ba-38b7-4e4e-8eab-bc8c87f6d3f9',_binary '\0','2020-02-23 18:06:56','2020-04-07 18:28:20'),(619,66,'8acf8f7f-1bab-4cab-86a3-1eff2b6ada7e',_binary '\0','2020-02-23 18:09:44','2020-04-07 18:28:20'),(620,66,'fb487ea2-7990-4292-8876-2c1c3ae3d142',_binary '\0','2020-02-23 18:20:25','2020-04-07 18:28:20'),(621,66,'3930692d-6e7d-4e98-a673-5ab0434afc87',_binary '\0','2020-02-23 18:21:15','2020-04-07 18:28:20'),(622,66,'63caa2c2-fa21-4850-9f87-d13eb65573e3',_binary '\0','2020-02-23 18:21:46','2020-04-07 18:28:20'),(623,66,'6eafb4d6-8185-4e82-bca6-2d425dd162ea',_binary '\0','2020-02-23 18:23:37','2020-04-07 18:28:20'),(624,66,'fc1b98c7-6b4b-4a44-bb31-719c99af2d26',_binary '\0','2020-02-23 18:24:33','2020-04-07 18:28:20'),(625,66,'f5e2ba87-df75-4bd3-abfd-0599e7d3de4d',_binary '\0','2020-02-23 18:25:40','2020-04-07 18:28:20'),(626,66,'241cca3c-d103-4669-a461-7d4552ab03f5',_binary '\0','2020-02-23 18:26:04','2020-04-07 18:28:20'),(627,66,'050a9e0a-e8d5-468d-aead-e0606593087b',_binary '\0','2020-02-23 18:29:55','2020-04-07 18:28:20'),(628,66,'0a5339d4-2611-4dc6-9664-ded8ea25e32f',_binary '\0','2020-02-23 18:32:14','2020-04-07 18:28:20'),(629,66,'b1789562-3c38-44a7-8dff-b2a2f056ce77',_binary '\0','2020-02-23 18:32:35','2020-04-07 18:28:20'),(630,66,'92d1b47a-5853-4b49-a06b-bfa9e7a159a0',_binary '\0','2020-02-23 18:33:39','2020-04-07 18:28:20'),(631,66,'75a2f4ee-e1d5-4f06-916a-2292b4aad3d9',_binary '\0','2020-02-23 18:35:03','2020-04-07 18:28:20'),(632,66,'96361ae4-f82c-424f-a461-73e7ae0eba2f',_binary '\0','2020-02-23 18:36:07','2020-04-07 18:28:20'),(633,66,'c5d7f595-ac6c-4f01-85f2-b6210a58b047',_binary '\0','2020-02-23 18:36:54','2020-04-07 18:28:20'),(634,66,'4989eedd-aafd-434b-ba57-088f51fd8f12',_binary '\0','2020-02-23 18:37:28','2020-04-07 18:28:20'),(635,66,'ec5beb38-1bfa-456e-a8ea-2d6554773f40',_binary '\0','2020-02-23 18:38:17','2020-04-07 18:28:20'),(636,66,'cbc5323d-673f-4306-a1a8-7a32a0fef062',_binary '\0','2020-02-23 18:44:28','2020-04-07 18:28:20'),(637,66,'81897ee3-11ce-41d0-8ef5-8d430c568cbf',_binary '\0','2020-02-23 18:45:52','2020-04-07 18:28:20'),(638,66,'98c11f03-04df-457d-89d1-06e719efa12f',_binary '\0','2020-02-23 18:47:02','2020-04-07 18:28:20'),(639,66,'201a8384-328c-48ff-835e-0b73ed63349a',_binary '\0','2020-02-23 18:52:00','2020-04-07 18:28:20'),(640,66,'074e14bf-5bb8-4a5f-9838-ba6f6fad371d',_binary '\0','2020-02-23 18:53:19','2020-04-07 18:28:20'),(641,66,'dcdd08f2-4407-4a44-be4f-8b6deff05815',_binary '\0','2020-02-23 18:53:50','2020-04-07 18:28:20'),(642,66,'ec184e55-9110-4f09-ab7c-b8af04440bb5',_binary '\0','2020-02-23 18:55:47','2020-04-07 18:28:20'),(643,66,'23e69c0f-55de-4502-b665-3efee274defc',_binary '\0','2020-02-23 18:56:29','2020-04-07 18:28:20'),(644,66,'8bbd4e93-bf4c-4430-b0f7-887ddc54422c',_binary '\0','2020-02-23 18:58:14','2020-04-07 18:28:20'),(645,66,'c5fe0ffd-ff39-45dd-bfed-54c519fbad1d',_binary '\0','2020-02-23 18:58:59','2020-04-07 18:28:20'),(646,66,'44f85525-01af-41d2-9f0e-5f220e04f12e',_binary '\0','2020-02-23 19:00:34','2020-04-07 18:28:20'),(647,66,'98d751dd-fd3e-4faa-9ea5-aaa999ec832e',_binary '\0','2020-02-23 19:02:59','2020-04-07 18:28:20'),(648,66,'30c92249-1d2f-49ed-b7af-9952ef87206a',_binary '\0','2020-02-23 19:03:28','2020-04-07 18:28:20'),(649,66,'1c5adc32-3c07-451e-b98f-3d68c296d808',_binary '\0','2020-02-23 19:04:36','2020-04-07 18:28:20'),(650,66,'0b9a0905-719f-424e-bd75-335284e02a76',_binary '\0','2020-02-23 19:08:08','2020-04-07 18:28:20'),(651,66,'74a4ea78-bf0a-4d86-bef5-a51ea5764fcd',_binary '\0','2020-02-23 19:09:03','2020-04-07 18:28:20'),(652,66,'651874f0-6c85-4755-bdb6-6b2d02720f96',_binary '\0','2020-02-23 19:09:38','2020-04-07 18:28:20'),(653,66,'098252a5-2d0b-4b13-bab4-7555c2179197',_binary '\0','2020-02-23 19:10:33','2020-04-07 18:28:20'),(654,66,'7fe7bec6-daec-4ec5-bbb1-cae387c36f79',_binary '\0','2020-02-24 12:30:00','2020-04-07 18:28:20'),(655,66,'b6f1f40a-280a-43e9-a0f5-678ae1dfd823',_binary '\0','2020-02-24 12:31:02','2020-04-07 18:28:20'),(656,15,'a47f1fe9-5a4a-48ea-870a-6b33a7bdc9c5',_binary '\0','2020-02-24 13:12:56','2020-02-24 13:15:18'),(657,66,'81e10246-a6d8-4fa3-90af-aa7d7448d0df',_binary '\0','2020-02-24 13:15:27','2020-04-07 18:28:20'),(658,18,'2dbff4ba-6fdc-454e-b359-b2f3d2c826bb',_binary '\0','2020-02-24 13:15:54','2020-04-08 08:21:18'),(659,66,'c0f8f27c-cedf-437c-b55e-0f643b80d5d7',_binary '\0','2020-03-01 09:57:56','2020-04-07 18:28:20'),(660,66,'6f8299a0-5f25-4c79-94de-7535c358ddc6',_binary '\0','2020-03-01 11:05:12','2020-04-07 18:28:20'),(661,18,'1ddac6c4-249c-46db-8045-3b2e89d664d4',_binary '\0','2020-03-01 11:05:40','2020-04-08 08:21:18'),(662,66,'78135578-8bdc-485e-ae2d-c8ba66290186',_binary '\0','2020-03-01 11:13:25','2020-04-07 18:28:20'),(663,66,'c3822215-67cd-430b-bd33-651f66cd3ba0',_binary '\0','2020-03-01 11:14:30','2020-04-07 18:28:20'),(664,66,'64ea961e-5f90-4e17-a4c3-d46c7b3b06e1',_binary '\0','2020-03-01 11:20:16','2020-04-07 18:28:20'),(665,66,'f6ec96cc-3e03-4af3-a7ae-ad7ce7fe0617',_binary '\0','2020-03-01 11:27:22','2020-04-07 18:28:20'),(666,18,'52abcf90-f943-4d01-8791-d0c9a83cbbee',_binary '\0','2020-03-01 11:34:42','2020-04-08 08:21:18'),(667,66,'65a9ca3f-c5b5-445b-8be0-ac79841b8504',_binary '\0','2020-03-01 11:35:25','2020-04-07 18:28:20'),(668,66,'38bfb3c1-cba3-4833-bb7f-1a0bd213ba98',_binary '\0','2020-03-01 11:36:18','2020-04-07 18:28:20'),(669,66,'a250224c-fc33-4319-9d7c-81ab0012dff4',_binary '\0','2020-03-01 11:37:42','2020-04-07 18:28:20'),(670,66,'8d998afc-8dc6-42b8-827d-6aec7f03bc33',_binary '\0','2020-03-01 11:38:07','2020-04-07 18:28:20'),(671,66,'8ec7071f-c1a5-4161-8ce4-4ff266fb0fd1',_binary '\0','2020-03-01 12:44:11','2020-04-07 18:28:20'),(672,66,'0e9e5386-dc58-4ec3-91ee-9228f7ce0a06',_binary '\0','2020-03-01 13:10:22','2020-04-07 18:28:20'),(673,18,'0587434d-47ae-406b-8873-3174bc8e7b75',_binary '\0','2020-03-01 13:12:32','2020-04-08 08:21:18'),(674,66,'06f97e40-3acd-48a4-a37f-855ecce83ba4',_binary '\0','2020-03-01 13:25:21','2020-04-07 18:28:20'),(675,66,'29b5ebc7-1c02-4127-9368-fc511e6a1fc3',_binary '\0','2020-03-01 18:10:29','2020-04-07 18:28:20'),(676,66,'ecde2969-4872-4c0f-b49b-e703508657b6',_binary '\0','2020-03-10 10:01:06','2020-04-07 18:28:20'),(677,66,'b99884e0-d4e9-4c69-9d5d-5ed2fb40142e',_binary '\0','2020-03-10 10:01:57','2020-04-07 18:28:20'),(678,66,'aab776bd-8bf2-4399-863a-a64059ee7ed1',_binary '\0','2020-03-10 10:33:57','2020-04-07 18:28:20'),(679,66,'b9e50614-61b3-4772-9a47-56c5cb3fcdc3',_binary '\0','2020-03-10 10:34:45','2020-04-07 18:28:20'),(680,66,'a3541fe4-1ad7-4b83-869a-e433fdda83d0',_binary '\0','2020-03-10 10:35:21','2020-04-07 18:28:20'),(681,66,'dee1bce2-331f-4f20-94d2-03489bb24222',_binary '\0','2020-03-10 10:36:12','2020-04-07 18:28:20'),(682,66,'a5f855a1-4de9-4979-a439-6ee7f1b0598a',_binary '\0','2020-03-10 10:37:40','2020-04-07 18:28:20'),(683,66,'7ff0408c-0c13-42f2-ae5f-e75a59ab032e',_binary '\0','2020-03-10 10:39:44','2020-04-07 18:28:20'),(684,66,'e7d462c0-e255-4b16-bd24-fd9185846cda',_binary '\0','2020-03-10 10:40:23','2020-04-07 18:28:20'),(685,66,'b0362776-ff6f-4cb9-b32c-6fd91afe24df',_binary '\0','2020-03-10 10:41:27','2020-04-07 18:28:20'),(686,66,'3f7b2e5b-6ea1-4381-9ef0-9f4443400667',_binary '\0','2020-03-10 12:18:34','2020-04-07 18:28:20'),(687,66,'3fc3715e-15cc-41d1-b395-fca651c01529',_binary '\0','2020-03-10 12:19:36','2020-04-07 18:28:20'),(688,66,'4f7aa59f-9c51-46ac-913d-7ac04453bce6',_binary '\0','2020-03-10 12:20:18','2020-04-07 18:28:20'),(689,66,'e3f88c3e-b7b8-4897-b0db-304fb81eccce',_binary '\0','2020-03-10 12:20:52','2020-04-07 18:28:20'),(690,66,'67b63c82-5a25-4f9b-bb80-b61815d3309c',_binary '\0','2020-03-10 12:23:25','2020-04-07 18:28:20'),(691,66,'3f4120f1-338a-44a7-bb8d-dcea56d872d1',_binary '\0','2020-03-10 12:24:00','2020-04-07 18:28:20'),(692,66,'e4c8a94e-7cc1-4bb7-acaf-9a6a92bfa93d',_binary '\0','2020-03-10 12:26:01','2020-04-07 18:28:20'),(693,66,'112cec8d-5c2b-4076-8ab4-a91886bf3f3e',_binary '\0','2020-03-10 12:26:39','2020-04-07 18:28:20'),(694,66,'19718347-f67d-4d63-96c3-92f5c2865135',_binary '\0','2020-03-10 12:42:19','2020-04-07 18:28:20'),(695,66,'a2b4d17b-93e2-45fc-8de3-2a0384614677',_binary '\0','2020-03-10 12:44:20','2020-04-07 18:28:20'),(696,66,'d5abf737-d8a8-43e7-93b0-e6cac069de8b',_binary '\0','2020-03-10 12:46:47','2020-04-07 18:28:20'),(697,66,'4f7e2038-be14-4e51-81f6-828e52c09af4',_binary '\0','2020-03-10 13:00:29','2020-04-07 18:28:20'),(698,66,'a0cb2293-f565-413e-80f0-ff683f5470a6',_binary '\0','2020-03-10 13:01:49','2020-04-07 18:28:20'),(699,66,'985b3091-ca0f-4f1a-8105-e1c1c9092e97',_binary '\0','2020-03-10 13:04:14','2020-04-07 18:28:20'),(700,66,'8449a6ed-8b20-4d3a-bd42-fbfe5b20c7a1',_binary '\0','2020-03-10 13:05:41','2020-04-07 18:28:20'),(701,66,'83b06680-e424-4fd9-9dc4-67d781a5837c',_binary '\0','2020-03-10 13:07:24','2020-04-07 18:28:20'),(702,66,'779112b9-afbf-487c-9822-520c4ddba633',_binary '\0','2020-03-10 13:09:41','2020-04-07 18:28:20'),(703,60,'bba2b37a-3050-4a3c-af5e-7bf2de09e80d',_binary '\0','2020-03-27 12:12:29','2020-05-09 07:58:13'),(704,60,'0df39bd8-d322-4686-86c0-203dc4f2617f',_binary '\0','2020-03-27 12:14:09','2020-05-09 07:58:13'),(705,60,'751381b1-0cbc-42f6-8657-1274f0880ac2',_binary '\0','2020-03-27 12:26:25','2020-05-09 07:58:13'),(706,18,'b1e53e32-b2bf-4bb9-9649-05d817404365',_binary '\0','2020-03-27 12:29:02','2020-04-08 08:21:18'),(707,66,'f97bc87f-f970-4a7e-9eef-415413ea8515',_binary '\0','2020-04-02 10:26:13','2020-04-07 18:28:20'),(708,18,'55b0495f-055c-436e-92cd-4602dc847bc4',_binary '\0','2020-04-02 10:26:32','2020-04-08 08:21:18'),(709,18,'af18c013-cd13-4fa6-aeff-3221ecb144b2',_binary '\0','2020-04-02 10:37:03','2020-04-08 08:21:18'),(710,66,'488d9c49-4137-4abc-abcc-d90c9ae70b02',_binary '\0','2020-04-02 10:37:19','2020-04-07 18:28:20'),(711,18,'6c30ee34-1a25-4bf2-9010-52731010a749',_binary '\0','2020-04-02 10:37:30','2020-04-08 08:21:18'),(712,60,'d767477a-12ea-4e1b-a2d4-7742f8565add',_binary '\0','2020-04-02 11:24:48','2020-05-09 07:58:13'),(713,19,'26815d4e-2660-4c60-b298-39b73f31e63b',_binary '\0','2020-04-02 11:25:39','2020-04-06 11:03:52'),(714,60,'682447f8-88e2-4a39-b321-3160663f43f4',_binary '\0','2020-04-02 11:30:33','2020-05-09 07:58:13'),(715,19,'584b62d9-3776-4e24-8edf-1e3fe888e69b',_binary '\0','2020-04-06 10:45:27','2020-04-06 11:03:52'),(716,18,'9ee668f6-d072-45c0-bd74-d86b9d3993c1',_binary '\0','2020-04-06 11:04:09','2020-04-08 08:21:18'),(717,60,'be23aab5-af9a-4a2e-b2e0-aad3fc8b0d52',_binary '\0','2020-04-06 11:05:40','2020-05-09 07:58:13'),(718,60,'02c81f53-bd36-4614-913a-921ac2644812',_binary '\0','2020-04-06 11:06:51','2020-05-09 07:58:13'),(719,18,'f8180f3c-2c0d-4318-ba9c-5371f696b8da',_binary '\0','2020-04-06 11:07:40','2020-04-08 08:21:18'),(720,60,'ec5228d2-f75e-41d0-a38b-44eba9f6acc1',_binary '\0','2020-04-06 15:04:00','2020-05-09 07:58:13'),(721,63,'ff8e6309-a602-4d4d-974f-8733299c8275',_binary '\0','2020-04-06 15:05:27','2020-04-06 15:12:55'),(722,18,'ccd7e5e8-ab1e-4c91-b973-0aa465e990ef',_binary '\0','2020-04-06 15:13:03','2020-04-08 08:21:18'),(723,60,'261604fa-e33d-41c2-a412-1229acc3cf7f',_binary '\0','2020-04-06 15:22:51','2020-05-09 07:58:13'),(724,18,'ca089f76-fe93-4959-88e1-b7778254f9e7',_binary '\0','2020-04-06 15:24:57','2020-04-08 08:21:18'),(725,60,'1998ac4b-cb7a-4fa9-ad42-147d7fcfa5d5',_binary '\0','2020-04-06 15:26:31','2020-05-09 07:58:13'),(726,18,'437acc23-3ab4-47aa-9130-7fe17ebe7c66',_binary '\0','2020-04-06 15:28:59','2020-04-08 08:21:18'),(727,60,'99593927-d8fa-4528-b833-7684e2556f85',_binary '\0','2020-04-07 13:27:20','2020-05-09 07:58:13'),(728,18,'aa4121b5-da6f-47e0-80f3-e3b823265b7c',_binary '\0','2020-04-07 17:25:30','2020-04-08 08:21:18'),(729,60,'c06d0539-7ad9-498a-99dc-83a611f320b6',_binary '\0','2020-04-07 17:25:55','2020-05-09 07:58:13'),(730,18,'45eac450-186c-4350-9a61-c3acd199c249',_binary '\0','2020-04-07 17:26:12','2020-04-08 08:21:18'),(731,18,'71bf9277-78f3-43ee-a09c-424170e07ea8',_binary '\0','2020-04-07 17:26:28','2020-04-08 08:21:18'),(732,66,'e510d045-df2d-441d-9e0d-bdac4bb60325',_binary '','2020-04-07 18:28:20','2020-04-07 18:28:20'),(733,60,'214e074c-2b3b-41fc-8f7b-aae0ef5920c0',_binary '\0','2020-04-08 08:21:39','2020-05-09 07:58:13'),(734,18,'c2ea758d-cb34-40b4-94fa-24e9ab1e7e38',_binary '','2020-04-08 08:22:07','2020-04-08 08:22:11'),(735,60,'4e3d456b-67f6-43ad-bfb0-34f5111b1cb6',_binary '\0','2020-04-17 18:14:27','2020-05-09 07:58:13'),(736,60,'d1bdc793-0990-48d1-87ba-2cdf2b5fbdfe',_binary '\0','2020-04-18 08:57:57','2020-05-09 07:58:13'),(737,60,'ce8e7f0a-6870-44b2-8daa-6e233f9d4c1f',_binary '\0','2020-04-18 09:13:38','2020-05-09 07:58:13'),(738,60,'a6af26e2-c90f-4940-8b3b-84871f66a517',_binary '\0','2020-04-18 09:15:01','2020-05-09 07:58:13'),(739,60,'e0ea1e0d-76fe-4e78-b51b-f6485c16f352',_binary '\0','2020-04-18 09:16:22','2020-05-09 07:58:13'),(740,60,'605d4fb2-4357-4f84-b946-0cae9e9d8c16',_binary '\0','2020-04-18 09:18:48','2020-05-09 07:58:13'),(741,60,'dc46a5f0-e9ab-4965-bbf8-6cb256f8ef1d',_binary '\0','2020-04-18 09:20:16','2020-05-09 07:58:13'),(742,60,'3cb7f091-5f00-477c-9555-67e6ad656fc7',_binary '\0','2020-04-29 11:16:06','2020-05-09 07:58:13'),(743,60,'f6f7f428-1d7d-466c-96bb-cab916687bfd',_binary '\0','2020-04-29 11:32:47','2020-05-09 07:58:13'),(744,60,'794ec6d5-0d03-4362-8055-a7e3b3251ab8',_binary '\0','2020-04-29 11:33:53','2020-05-09 07:58:13'),(745,60,'dfa62187-21d2-4f24-9083-6de992236df9',_binary '\0','2020-04-29 11:34:39','2020-05-09 07:58:13'),(746,60,'0d89aef5-8349-4b63-bd0c-ebd6fee8d470',_binary '\0','2020-04-29 11:35:02','2020-05-09 07:58:13'),(747,60,'5115bf08-0230-4da4-b1f3-b50ffdc1cd8e',_binary '\0','2020-04-29 11:36:09','2020-05-09 07:58:13'),(748,60,'a4d0d591-2998-476e-95ae-6653aa47dc64',_binary '\0','2020-04-29 11:36:50','2020-05-09 07:58:13'),(749,60,'0795bc72-c9c7-4590-aadc-e9a66199321f',_binary '\0','2020-05-09 07:15:17','2020-05-09 07:58:13'),(750,60,'37c0cbbf-11e1-49e9-8fdf-e1a77afc811c',_binary '\0','2020-05-09 07:27:29','2020-05-09 07:58:13'),(751,60,'61517435-4d5b-4f65-a479-4a96ceb584b5',_binary '\0','2020-05-09 07:37:49','2020-05-09 07:58:13'),(752,60,'7e783563-07de-4da2-b387-1442eeb6e87c',_binary '\0','2020-05-09 07:38:14','2020-05-09 07:58:13'),(753,60,'1635cad8-7a09-4c17-96c5-c18397324021',_binary '\0','2020-05-09 07:39:32','2020-05-09 07:58:13'),(754,60,'01e7b79e-31fe-43bf-bb2f-9bf42464688b',_binary '\0','2020-05-09 07:39:54','2020-05-09 07:58:13'),(755,60,'f5d77019-a4b9-4bb0-abb1-9b632a83a93a',_binary '\0','2020-05-09 07:41:20','2020-05-09 07:58:13'),(756,60,'fcd0cb5f-c112-4e22-a7df-909f7c13a20b',_binary '\0','2020-05-09 07:43:58','2020-05-09 07:58:13'),(757,60,'d9823616-d480-4275-8d9b-667778c14fcf',_binary '\0','2020-05-09 07:44:22','2020-05-09 07:58:13'),(758,60,'97927b4a-2cd0-45a6-aab6-6c3d620c6e85',_binary '\0','2020-05-09 07:44:47','2020-05-09 07:58:13'),(759,67,'661093c0-81cf-437a-86c9-e92269b4b53f',_binary '\0','2020-05-09 07:56:34','2020-05-09 07:57:49'),(760,67,'960a1f53-6790-4f3b-9924-8c9e8f4df62d',_binary '\0','2020-05-09 07:57:33','2020-05-09 07:57:49'),(761,60,'13172749-3c56-4d08-aebb-a7f692971b8e',_binary '','2020-05-09 07:58:13','2020-05-09 07:58:13');
/*!40000 ALTER TABLE `loggedin` ENABLE KEYS */;
UNLOCK TABLES;

--
-- Table structure for table `notification`
--

DROP TABLE IF EXISTS `notification`;
/*!40101 SET @saved_cs_client     = @@character_set_client */;
/*!40101 SET character_set_client = utf8 */;
CREATE TABLE `notification` (
  `id` int(11) NOT NULL AUTO_INCREMENT,
  `priority` text,
  `scope` text,
  `message` text,
  `type` text,
  `createdAt` datetime NOT NULL,
  `updatedAt` datetime NOT NULL,
  `userId` int(11) DEFAULT NULL,
  PRIMARY KEY (`id`),
  KEY `userId` (`userId`),
  CONSTRAINT `notification_ibfk_1` FOREIGN KEY (`userId`) REFERENCES `user_data` (`id`) ON DELETE SET NULL ON UPDATE CASCADE
) ENGINE=InnoDB DEFAULT CHARSET=utf8;
/*!40101 SET character_set_client = @saved_cs_client */;

--
-- Dumping data for table `notification`
--

LOCK TABLES `notification` WRITE;
/*!40000 ALTER TABLE `notification` DISABLE KEYS */;
/*!40000 ALTER TABLE `notification` ENABLE KEYS */;
UNLOCK TABLES;

--
-- Table structure for table `notifications`
--

DROP TABLE IF EXISTS `notifications`;
/*!40101 SET @saved_cs_client     = @@character_set_client */;
/*!40101 SET character_set_client = utf8 */;
CREATE TABLE `notifications` (
  `id` int(11) NOT NULL AUTO_INCREMENT,
  `userId` int(11) NOT NULL,
  `priority` varchar(45) NOT NULL,
  `scope` varchar(128) NOT NULL,
  `message` mediumtext,
  `type` varchar(45) DEFAULT NULL,
  PRIMARY KEY (`id`,`userId`),
  UNIQUE KEY `id_UNIQUE` (`id`)
) ENGINE=InnoDB DEFAULT CHARSET=utf8;
/*!40101 SET character_set_client = @saved_cs_client */;

--
-- Dumping data for table `notifications`
--

LOCK TABLES `notifications` WRITE;
/*!40000 ALTER TABLE `notifications` DISABLE KEYS */;
/*!40000 ALTER TABLE `notifications` ENABLE KEYS */;
UNLOCK TABLES;

--
-- Table structure for table `participant`
--

DROP TABLE IF EXISTS `participant`;
/*!40101 SET @saved_cs_client     = @@character_set_client */;
/*!40101 SET character_set_client = utf8 */;
CREATE TABLE `participant` (
  `id` int(11) NOT NULL AUTO_INCREMENT,
  `userId` int(11) NOT NULL,
  `courseGroupId` int(11) NOT NULL,
  `participatingRole` varchar(45) DEFAULT 'student',
  `status` varchar(45) NOT NULL DEFAULT 'active',
  `createdAt` datetime DEFAULT NULL,
  `updatedAt` datetime DEFAULT NULL,
  PRIMARY KEY (`id`),
  UNIQUE KEY `id_UNIQUE` (`id`),
  KEY `attendeeToGroupId_idx` (`courseGroupId`),
  KEY `attendeeToUserId_idx` (`userId`),
  CONSTRAINT `attendeeToGroupId` FOREIGN KEY (`courseGroupId`) REFERENCES `course_group` (`id`),
  CONSTRAINT `attendeeToUserId` FOREIGN KEY (`userId`) REFERENCES `user_data` (`id`)
) ENGINE=InnoDB AUTO_INCREMENT=138 DEFAULT CHARSET=utf8;
/*!40101 SET character_set_client = @saved_cs_client */;

--
-- Dumping data for table `participant`
--

LOCK TABLES `participant` WRITE;
/*!40000 ALTER TABLE `participant` DISABLE KEYS */;
INSERT INTO `participant` VALUES (11,18,77,'student','active',NULL,NULL),(12,18,79,'student','active',NULL,NULL),(15,19,81,'student','active',NULL,NULL),(16,19,82,'student','active',NULL,NULL),(17,20,77,'student','active',NULL,NULL),(18,20,82,'student','active',NULL,NULL),(19,21,77,'student','active',NULL,NULL),(20,21,81,'student','active',NULL,NULL),(21,22,79,'student','active',NULL,NULL),(22,22,82,'student','active',NULL,NULL),(23,24,77,'student','active',NULL,NULL),(24,24,79,'student','active',NULL,NULL),(25,25,81,'student','active',NULL,NULL),(26,25,82,'student','active',NULL,NULL),(27,26,79,'student','active',NULL,NULL),(28,26,81,'student','active',NULL,NULL),(29,27,77,'student','active',NULL,NULL),(30,27,82,'student','active',NULL,NULL),(31,28,77,'student','active',NULL,NULL),(32,28,81,'student','active',NULL,NULL),(33,29,79,'student','active',NULL,NULL),(34,29,81,'student','active',NULL,NULL),(35,31,77,'student','active',NULL,NULL),(36,31,82,'student','active',NULL,NULL),(37,32,81,'student','active',NULL,NULL),(38,32,82,'student','active',NULL,NULL),(39,33,79,'student','active',NULL,NULL),(40,33,81,'student','active',NULL,NULL),(41,34,77,'student','active',NULL,NULL),(42,34,81,'student','active',NULL,NULL),(43,35,81,'student','active',NULL,NULL),(44,35,82,'student','active',NULL,NULL),(45,36,79,'student','active',NULL,NULL),(46,36,82,'student','active',NULL,NULL),(47,37,79,'student','active',NULL,NULL),(48,37,82,'student','active',NULL,NULL),(49,38,77,'student','active',NULL,NULL),(50,38,81,'student','active',NULL,NULL),(51,40,79,'student','active',NULL,NULL),(52,40,82,'student','active',NULL,NULL),(53,41,81,'student','active',NULL,NULL),(54,41,82,'student','active',NULL,NULL),(55,42,81,'student','active',NULL,NULL),(56,42,82,'student','active',NULL,NULL),(57,43,79,'student','active',NULL,NULL),(58,43,81,'student','active',NULL,NULL),(59,44,77,'student','active',NULL,NULL),(60,44,81,'student','active',NULL,NULL),(61,45,79,'student','active',NULL,NULL),(62,45,82,'student','active',NULL,NULL),(63,46,79,'student','active',NULL,NULL),(64,46,82,'student','active',NULL,NULL),(65,47,77,'student','active',NULL,NULL),(66,47,82,'student','active',NULL,NULL),(67,49,81,'student','active',NULL,NULL),(68,49,82,'student','active',NULL,NULL),(69,50,79,'student','active',NULL,NULL),(70,50,81,'student','active',NULL,NULL),(71,51,77,'student','active',NULL,NULL),(72,51,82,'student','active',NULL,NULL),(73,52,77,'student','active',NULL,NULL),(74,52,79,'student','active',NULL,NULL),(75,53,81,'student','active',NULL,NULL),(76,53,79,'student','active',NULL,NULL),(77,54,81,'student','active',NULL,NULL),(78,54,82,'student','active',NULL,NULL),(79,55,79,'student','active',NULL,NULL),(80,55,77,'student','active',NULL,NULL),(81,56,77,'student','active',NULL,NULL),(82,56,81,'student','active',NULL,NULL),(83,57,81,'student','active',NULL,NULL),(84,57,82,'student','active',NULL,NULL),(85,48,79,'student','active',NULL,NULL),(86,48,81,'student','active',NULL,NULL),(87,23,77,'student','active',NULL,NULL),(88,59,77,'student','active',NULL,NULL),(89,17,85,'teacher','active','2019-07-03 14:56:13','2019-07-03 14:56:13'),(90,14,86,'teacher','active','2019-07-03 15:01:36','2019-07-03 15:01:36'),(91,62,87,'teacher','active','2019-07-12 09:55:31','2019-07-12 09:55:31'),(92,62,88,'teacher','active','2019-07-14 08:35:49','2019-07-14 08:35:49'),(93,62,89,'teacher','active','2019-07-15 11:15:05','2019-07-15 11:15:05'),(94,60,80,'teacher','active',NULL,NULL),(104,18,80,'student','active','2019-07-19 14:34:54','2019-07-19 14:34:54'),(105,21,80,'student','active','2019-07-19 14:56:36','2019-07-19 14:56:36'),(106,26,80,'student','active','2019-07-19 15:00:24','2019-07-19 15:00:24'),(114,63,91,'student','active','2019-08-15 17:33:39','2019-08-15 17:33:39'),(115,63,92,'teacher','active','2019-08-15 17:40:35','2019-08-15 17:40:35'),(116,63,93,'teacher','active','2019-08-15 17:41:36','2019-08-15 17:41:36'),(117,63,94,'teacher','active','2019-08-15 17:42:22','2019-08-15 17:42:22'),(119,63,95,'teacher','active','2019-08-15 17:53:01','2019-08-15 17:53:01'),(121,62,96,'teacher','active','2019-08-15 17:58:00','2019-08-15 17:58:00'),(122,22,81,'student','active','2019-08-20 07:18:22','2019-08-20 07:18:22'),(123,65,79,'teacher','active','2019-08-15 17:40:35','2019-08-15 17:40:35'),(124,62,97,'teacher','active','2019-10-09 10:20:33','2019-10-09 10:20:33'),(125,15,98,'teacher','active','2019-12-05 12:41:24','2019-12-05 12:41:24'),(126,14,99,'teacher','active','2019-12-05 12:44:55','2019-12-05 12:44:55'),(127,16,100,'teacher','active','2019-12-05 12:46:26','2019-12-05 12:46:26'),(128,18,101,'teacher','active','2019-12-05 13:19:27','2019-12-05 13:19:27'),(129,14,102,'teacher','active','2020-02-21 14:47:17','2020-02-21 14:47:17'),(130,18,87,'student','active','2020-03-01 11:14:13','2020-03-01 11:14:13'),(131,54,101,'student','active','2020-03-01 11:36:05','2020-03-01 11:36:05'),(132,54,90,'student','active','2020-03-01 11:37:29','2020-03-01 11:37:29'),(133,62,79,'student','active','2020-03-01 13:10:37','2020-03-01 13:10:37'),(134,66,79,'student','active','2020-03-01 13:11:04','2020-03-01 13:11:04'),(135,18,91,'student','active','2020-04-06 11:06:28','2020-04-06 11:06:28'),(136,18,82,'student','active','2020-04-06 15:24:43','2020-04-06 15:24:43'),(137,18,94,'student','active','2020-04-06 15:28:17','2020-04-06 15:28:17');
/*!40000 ALTER TABLE `participant` ENABLE KEYS */;
UNLOCK TABLES;

--
-- Table structure for table `presence`
--

DROP TABLE IF EXISTS `presence`;
/*!40101 SET @saved_cs_client     = @@character_set_client */;
/*!40101 SET character_set_client = utf8 */;
CREATE TABLE `presence` (
  `id` int(11) NOT NULL AUTO_INCREMENT,
  `lessonId` int(11) NOT NULL,
  `userId` int(11) NOT NULL,
  `status` varchar(45) DEFAULT 'present',
  `explanation` mediumtext,
  `createdAt` datetime DEFAULT NULL,
  `updatedAt` datetime DEFAULT NULL,
  `userStatus` varchar(45) NOT NULL DEFAULT 'present',
  PRIMARY KEY (`id`),
  UNIQUE KEY `id_UNIQUE` (`id`),
  KEY `lesson_idx` (`lessonId`),
  KEY `student_idx` (`userId`),
  CONSTRAINT `presence_ibfk_1` FOREIGN KEY (`userId`) REFERENCES `user_data` (`id`),
  CONSTRAINT `presence_ibfk_2` FOREIGN KEY (`lessonId`) REFERENCES `lesson` (`id`)
) ENGINE=InnoDB AUTO_INCREMENT=772 DEFAULT CHARSET=utf8;
/*!40101 SET character_set_client = @saved_cs_client */;

--
-- Dumping data for table `presence`
--

LOCK TABLES `presence` WRITE;
/*!40000 ALTER TABLE `presence` DISABLE KEYS */;
INSERT INTO `presence` VALUES (72,2022,18,'absent',NULL,NULL,NULL,'absent'),(73,2023,18,'present',NULL,NULL,NULL,'present'),(74,2024,18,'absent',NULL,NULL,NULL,'absent'),(75,2025,18,'present',NULL,NULL,NULL,'present'),(76,2026,18,'present',NULL,NULL,NULL,'present'),(77,2027,18,'absent',NULL,NULL,NULL,'absent'),(78,2028,18,'present',NULL,NULL,NULL,'present'),(79,2029,18,'present',NULL,NULL,NULL,'present'),(80,2030,18,'present',NULL,NULL,NULL,'present'),(81,2022,20,'absent',NULL,NULL,NULL,'absent'),(82,2023,20,'present',NULL,NULL,NULL,'present'),(83,2024,20,'present',NULL,NULL,NULL,'present'),(84,2025,20,'absent',NULL,NULL,NULL,'absent'),(85,2026,20,'present',NULL,NULL,NULL,'present'),(86,2027,20,'present',NULL,NULL,NULL,'present'),(87,2028,20,'present',NULL,NULL,NULL,'present'),(88,2029,20,'absent',NULL,NULL,NULL,'absent'),(89,2030,20,'present',NULL,NULL,NULL,'present'),(90,2030,28,'present',NULL,NULL,NULL,'present'),(91,2030,28,'absent',NULL,NULL,NULL,'absent'),(92,2022,21,'present',NULL,NULL,NULL,'present'),(93,2023,21,'present',NULL,NULL,NULL,'present'),(94,2024,21,'absent',NULL,NULL,NULL,'absent'),(95,2025,21,'present',NULL,NULL,NULL,'present'),(96,2026,21,'present',NULL,NULL,NULL,'present'),(97,2027,21,'absent',NULL,NULL,NULL,'absent'),(98,2028,21,'present',NULL,NULL,NULL,'present'),(99,2029,21,'present',NULL,NULL,NULL,'present'),(100,2030,21,'absent',NULL,NULL,NULL,'absent'),(101,2022,24,'present',NULL,NULL,NULL,'present'),(102,2023,24,'present',NULL,NULL,NULL,'present'),(103,2024,24,'absent',NULL,NULL,NULL,'absent'),(104,2025,24,'present',NULL,NULL,NULL,'present'),(105,2026,24,'present',NULL,NULL,NULL,'present'),(106,2027,24,'absent',NULL,NULL,NULL,'absent'),(107,2028,24,'present',NULL,NULL,NULL,'present'),(108,2029,24,'absent',NULL,NULL,NULL,'absent'),(109,2030,24,'present',NULL,NULL,NULL,'present'),(110,2022,27,'absent',NULL,NULL,NULL,'absent'),(111,2023,27,'present',NULL,NULL,NULL,'present'),(112,2024,27,'absent',NULL,NULL,NULL,'absent'),(113,2025,27,'present',NULL,NULL,NULL,'present'),(114,2026,27,'absent',NULL,NULL,NULL,'absent'),(115,2027,27,'present',NULL,NULL,NULL,'present'),(116,2028,27,'absent',NULL,NULL,NULL,'absent'),(117,2029,27,'present',NULL,NULL,NULL,'present'),(118,2030,27,'absent',NULL,NULL,NULL,'absent'),(119,2022,28,'present',NULL,NULL,NULL,'present'),(120,2023,28,'absent',NULL,NULL,NULL,'absent'),(121,2024,28,'present',NULL,NULL,NULL,'present'),(122,2025,28,'absent',NULL,NULL,NULL,'absent'),(123,2026,28,'present',NULL,NULL,NULL,'present'),(124,2027,28,'absent',NULL,NULL,NULL,'absent'),(125,2028,28,'present',NULL,NULL,NULL,'present'),(126,2029,28,'absent',NULL,NULL,NULL,'absent'),(127,2030,28,'absent',NULL,NULL,NULL,'absent'),(128,2022,31,'absent',NULL,NULL,NULL,'absent'),(129,2023,31,'present',NULL,NULL,NULL,'present'),(130,2024,31,'absent',NULL,NULL,NULL,'absent'),(131,2025,31,'present',NULL,NULL,NULL,'present'),(132,2026,31,'absent',NULL,NULL,NULL,'absent'),(133,2027,31,'present',NULL,NULL,NULL,'present'),(134,2028,31,'absent',NULL,NULL,NULL,'absent'),(135,2029,31,'present',NULL,NULL,NULL,'present'),(136,2030,31,'absent',NULL,NULL,NULL,'absent'),(137,2022,34,'present',NULL,NULL,NULL,'present'),(138,2023,34,'absent',NULL,NULL,NULL,'absent'),(139,2024,34,'absent',NULL,NULL,NULL,'absent'),(140,2025,34,'present',NULL,NULL,NULL,'present'),(141,2026,34,'absent',NULL,NULL,NULL,'absent'),(142,2027,34,'present',NULL,NULL,NULL,'present'),(143,2028,34,'absent',NULL,NULL,NULL,'absent'),(144,2029,34,'absent',NULL,NULL,NULL,'absent'),(145,2030,34,'absent',NULL,NULL,NULL,'absent'),(146,2022,38,'absent',NULL,NULL,NULL,'absent'),(147,2023,38,'present',NULL,NULL,NULL,'present'),(148,2024,38,'present',NULL,NULL,NULL,'present'),(149,2025,38,'present',NULL,NULL,NULL,'present'),(150,2026,38,'present',NULL,NULL,NULL,'present'),(151,2027,38,'present',NULL,NULL,NULL,'present'),(152,2028,38,'present',NULL,NULL,NULL,'present'),(153,2029,38,'present',NULL,NULL,NULL,'present'),(154,2030,38,'present',NULL,NULL,NULL,'present'),(155,2022,44,'present',NULL,NULL,NULL,'present'),(156,2023,44,'present',NULL,NULL,NULL,'present'),(157,2024,44,'present',NULL,NULL,NULL,'present'),(158,2025,44,'present',NULL,NULL,NULL,'present'),(159,2026,44,'absent',NULL,NULL,NULL,'absent'),(160,2027,44,'present',NULL,NULL,NULL,'present'),(161,2028,44,'present',NULL,NULL,NULL,'present'),(162,2029,44,'present',NULL,NULL,NULL,'present'),(163,2030,44,'present',NULL,NULL,NULL,'present'),(164,2022,47,'present',NULL,NULL,NULL,'present'),(165,2023,47,'present',NULL,NULL,NULL,'present'),(166,2024,47,'present',NULL,NULL,NULL,'present'),(167,2025,47,'present',NULL,NULL,NULL,'present'),(168,2026,47,'absent',NULL,NULL,NULL,'absent'),(169,2027,47,'present',NULL,NULL,NULL,'present'),(170,2028,47,'present',NULL,NULL,NULL,'present'),(171,2029,47,'present',NULL,NULL,NULL,'present'),(172,2030,47,'present',NULL,NULL,NULL,'present'),(173,2022,51,'present',NULL,NULL,NULL,'present'),(174,2023,51,'present',NULL,NULL,NULL,'present'),(175,2024,51,'present',NULL,NULL,NULL,'present'),(176,2025,51,'present',NULL,NULL,NULL,'present'),(177,2026,51,'present',NULL,NULL,NULL,'present'),(178,2027,51,'present',NULL,NULL,NULL,'present'),(179,2028,51,'present',NULL,NULL,NULL,'present'),(180,2029,51,'present',NULL,NULL,NULL,'present'),(181,2030,51,'present',NULL,NULL,NULL,'present'),(182,2022,52,'present',NULL,NULL,NULL,'present'),(183,2023,52,'absent',NULL,NULL,NULL,'absent'),(184,2024,52,'present',NULL,NULL,NULL,'present'),(185,2025,52,'present',NULL,NULL,NULL,'present'),(186,2026,52,'present',NULL,NULL,NULL,'present'),(187,2027,52,'present',NULL,NULL,NULL,'present'),(188,2028,52,'present',NULL,NULL,NULL,'present'),(189,2029,52,'present',NULL,NULL,NULL,'present'),(190,2030,52,'present',NULL,NULL,NULL,'present'),(191,2022,55,'present',NULL,NULL,NULL,'present'),(192,2023,55,'present',NULL,NULL,NULL,'present'),(193,2024,55,'present',NULL,NULL,NULL,'present'),(194,2025,55,'present',NULL,NULL,NULL,'present'),(195,2026,55,'present',NULL,NULL,NULL,'present'),(196,2027,55,'present',NULL,NULL,NULL,'present'),(197,2028,55,'present',NULL,NULL,NULL,'present'),(198,2029,55,'absent',NULL,NULL,NULL,'absent'),(199,2030,55,'present',NULL,NULL,NULL,'present'),(200,2022,56,'present',NULL,NULL,NULL,'present'),(201,2023,56,'present',NULL,NULL,NULL,'present'),(202,2024,56,'present',NULL,NULL,NULL,'present'),(203,2025,56,'present',NULL,NULL,NULL,'present'),(204,2026,56,'present',NULL,NULL,NULL,'present'),(205,2027,56,'present',NULL,NULL,NULL,'present'),(206,2028,56,'present',NULL,NULL,NULL,'present'),(207,2029,56,'present',NULL,NULL,NULL,'present'),(208,2030,56,'present',NULL,NULL,NULL,'present'),(209,2022,23,'present',NULL,NULL,NULL,'present'),(210,2023,23,'present',NULL,NULL,NULL,'present'),(211,2024,23,'present',NULL,NULL,NULL,'present'),(212,2025,23,'present',NULL,NULL,NULL,'present'),(213,2026,23,'present',NULL,NULL,NULL,'present'),(214,2027,23,'present',NULL,NULL,NULL,'present'),(215,2028,23,'present',NULL,NULL,NULL,'present'),(216,2029,23,'present',NULL,NULL,NULL,'present'),(217,2030,23,'present',NULL,NULL,NULL,'present'),(218,2040,18,'absent',NULL,NULL,'2019-09-27 14:15:27','present'),(219,2041,18,'present',NULL,NULL,'2019-09-15 09:25:02','present'),(220,2042,18,'absent',NULL,NULL,'2019-09-15 08:52:13','present'),(221,2043,18,'present',NULL,NULL,NULL,'present'),(222,2044,18,'present',NULL,NULL,'2019-09-15 08:52:50','absent'),(223,2045,18,'present',NULL,NULL,NULL,'present'),(224,2046,18,'present',NULL,NULL,NULL,'present'),(225,2047,18,'present',NULL,NULL,'2019-09-15 08:58:54','absent'),(226,2048,18,'present',NULL,NULL,'2019-09-15 09:25:43','absent'),(227,2040,22,'absent',NULL,NULL,'2019-09-27 14:15:27','present'),(228,2041,22,'present',NULL,NULL,NULL,'present'),(229,2042,22,'present',NULL,NULL,NULL,'present'),(230,2043,22,'present',NULL,NULL,NULL,'present'),(231,2044,22,'present',NULL,NULL,NULL,'present'),(232,2045,22,'present',NULL,NULL,NULL,'present'),(233,2046,22,'present',NULL,NULL,NULL,'present'),(234,2047,22,'present',NULL,NULL,NULL,'present'),(235,2048,22,'present',NULL,NULL,NULL,'present'),(236,2040,24,'absent',NULL,NULL,'2019-09-27 14:15:27','present'),(237,2041,24,'present',NULL,NULL,NULL,'present'),(238,2042,24,'present',NULL,NULL,NULL,'present'),(239,2043,24,'present',NULL,NULL,NULL,'present'),(240,2044,24,'present',NULL,NULL,NULL,'present'),(241,2045,24,'present',NULL,NULL,NULL,'present'),(242,2046,24,'absent',NULL,NULL,NULL,'absent'),(243,2047,24,'present',NULL,NULL,NULL,'present'),(244,2048,24,'present',NULL,NULL,NULL,'present'),(245,2040,26,'present',NULL,NULL,NULL,'present'),(246,2041,26,'present',NULL,NULL,NULL,'present'),(247,2042,26,'present',NULL,NULL,NULL,'present'),(248,2043,26,'present',NULL,NULL,NULL,'present'),(249,2044,26,'present',NULL,NULL,NULL,'present'),(250,2045,26,'present',NULL,NULL,NULL,'present'),(251,2046,26,'present',NULL,NULL,NULL,'present'),(252,2047,26,'present',NULL,NULL,NULL,'present'),(253,2048,26,'present',NULL,NULL,NULL,'present'),(254,2040,29,'present',NULL,NULL,NULL,'present'),(255,2041,29,'present',NULL,NULL,NULL,'present'),(256,2042,29,'present',NULL,NULL,NULL,'present'),(257,2043,29,'absent',NULL,NULL,NULL,'absent'),(258,2044,29,'present',NULL,NULL,NULL,'present'),(259,2045,29,'present',NULL,NULL,NULL,'present'),(260,2046,29,'present',NULL,NULL,NULL,'present'),(261,2047,29,'present',NULL,NULL,NULL,'present'),(262,2048,29,'present',NULL,NULL,NULL,'present'),(263,2040,33,'present',NULL,NULL,NULL,'present'),(264,2041,33,'present',NULL,NULL,NULL,'present'),(265,2042,33,'present',NULL,NULL,NULL,'present'),(266,2043,33,'absent',NULL,NULL,NULL,'absent'),(267,2044,33,'present',NULL,NULL,NULL,'present'),(268,2045,33,'present',NULL,NULL,NULL,'present'),(269,2046,33,'present',NULL,NULL,NULL,'present'),(270,2047,33,'present',NULL,NULL,NULL,'present'),(271,2048,33,'present',NULL,NULL,NULL,'present'),(272,2040,36,'present',NULL,NULL,NULL,'present'),(273,2041,36,'present',NULL,NULL,NULL,'present'),(274,2042,36,'present',NULL,NULL,NULL,'present'),(275,2043,36,'present',NULL,NULL,NULL,'present'),(276,2044,36,'present',NULL,NULL,NULL,'present'),(277,2045,36,'present',NULL,NULL,NULL,'present'),(278,2046,36,'present',NULL,NULL,NULL,'present'),(279,2047,36,'absent',NULL,NULL,NULL,'absent'),(280,2048,36,'present',NULL,NULL,NULL,'present'),(281,2040,37,'present',NULL,NULL,NULL,'present'),(282,2041,37,'present',NULL,NULL,NULL,'present'),(283,2042,37,'present',NULL,NULL,NULL,'present'),(284,2043,37,'present',NULL,NULL,NULL,'present'),(285,2044,37,'present',NULL,NULL,NULL,'present'),(286,2045,37,'present',NULL,NULL,NULL,'present'),(287,2046,37,'absent',NULL,NULL,NULL,'absent'),(288,2047,37,'present',NULL,NULL,NULL,'present'),(289,2048,37,'present',NULL,NULL,NULL,'present'),(290,2040,40,'present',NULL,NULL,NULL,'present'),(291,2041,40,'present',NULL,NULL,NULL,'present'),(292,2042,40,'present',NULL,NULL,NULL,'present'),(293,2043,40,'present',NULL,NULL,NULL,'present'),(294,2044,40,'present',NULL,NULL,NULL,'present'),(295,2045,40,'present',NULL,NULL,NULL,'present'),(296,2046,40,'present',NULL,NULL,NULL,'present'),(297,2047,40,'present',NULL,NULL,NULL,'present'),(298,2048,40,'present',NULL,NULL,NULL,'present'),(299,2040,43,'present',NULL,NULL,NULL,'present'),(300,2041,43,'present',NULL,NULL,NULL,'present'),(301,2042,43,'present',NULL,NULL,NULL,'present'),(302,2043,43,'present',NULL,NULL,NULL,'present'),(303,2044,43,'present',NULL,NULL,NULL,'present'),(304,2045,43,'present',NULL,NULL,NULL,'present'),(305,2046,43,'present',NULL,NULL,NULL,'present'),(306,2047,43,'present',NULL,NULL,NULL,'present'),(307,2048,43,'present',NULL,NULL,NULL,'present'),(308,2040,45,'present',NULL,NULL,NULL,'present'),(309,2041,45,'absent',NULL,NULL,NULL,'absent'),(310,2042,45,'present',NULL,NULL,NULL,'present'),(311,2043,45,'present',NULL,NULL,NULL,'present'),(312,2044,45,'present',NULL,NULL,NULL,'present'),(313,2045,45,'present',NULL,NULL,NULL,'present'),(314,2046,45,'present',NULL,NULL,NULL,'present'),(315,2047,45,'present',NULL,NULL,NULL,'present'),(316,2048,45,'present',NULL,NULL,NULL,'present'),(317,2040,46,'present',NULL,NULL,NULL,'present'),(318,2041,46,'present',NULL,NULL,NULL,'present'),(319,2042,46,'present',NULL,NULL,NULL,'present'),(320,2043,46,'present',NULL,NULL,NULL,'present'),(321,2044,46,'present',NULL,NULL,NULL,'present'),(322,2045,46,'absent',NULL,NULL,NULL,'absent'),(323,2046,46,'present',NULL,NULL,NULL,'present'),(324,2047,46,'present',NULL,NULL,NULL,'present'),(325,2048,46,'present',NULL,NULL,NULL,'present'),(326,2040,50,'present',NULL,NULL,NULL,'present'),(327,2041,50,'present',NULL,NULL,NULL,'present'),(328,2042,50,'present',NULL,NULL,NULL,'present'),(329,2043,50,'present',NULL,NULL,NULL,'present'),(330,2044,50,'present',NULL,NULL,NULL,'present'),(331,2045,50,'present',NULL,NULL,NULL,'present'),(332,2046,50,'present',NULL,NULL,NULL,'present'),(333,2047,50,'present',NULL,NULL,NULL,'present'),(334,2048,50,'present',NULL,NULL,NULL,'present'),(335,2040,52,'present',NULL,NULL,NULL,'present'),(336,2041,52,'present',NULL,NULL,NULL,'present'),(337,2042,52,'present',NULL,NULL,NULL,'present'),(338,2043,52,'present',NULL,NULL,NULL,'present'),(339,2044,52,'present',NULL,NULL,NULL,'present'),(340,2045,52,'present',NULL,NULL,NULL,'present'),(341,2046,52,'present',NULL,NULL,NULL,'present'),(342,2047,52,'present',NULL,NULL,NULL,'present'),(343,2048,52,'present',NULL,NULL,NULL,'present'),(344,2040,53,'present',NULL,NULL,NULL,'present'),(345,2041,53,'present',NULL,NULL,NULL,'present'),(346,2042,53,'present',NULL,NULL,NULL,'present'),(347,2043,53,'present',NULL,NULL,NULL,'present'),(348,2044,53,'present',NULL,NULL,NULL,'present'),(349,2045,53,'present',NULL,NULL,NULL,'present'),(350,2046,53,'present',NULL,NULL,NULL,'present'),(351,2047,53,'present',NULL,NULL,NULL,'present'),(352,2048,53,'present',NULL,NULL,NULL,'present'),(353,2040,55,'present',NULL,NULL,NULL,'present'),(354,2041,55,'present',NULL,NULL,NULL,'present'),(355,2042,55,'present',NULL,NULL,NULL,'present'),(356,2043,55,'present',NULL,NULL,NULL,'present'),(357,2044,55,'present',NULL,NULL,NULL,'present'),(358,2045,55,'present',NULL,NULL,NULL,'present'),(359,2046,55,'present',NULL,NULL,NULL,'present'),(360,2047,55,'present',NULL,NULL,NULL,'present'),(361,2048,55,'present',NULL,NULL,NULL,'present'),(362,2040,48,'present',NULL,NULL,NULL,'present'),(363,2041,48,'present',NULL,NULL,NULL,'present'),(364,2042,48,'absent',NULL,NULL,NULL,'absent'),(365,2043,48,'present',NULL,NULL,NULL,'present'),(366,2044,48,'present',NULL,NULL,NULL,'present'),(367,2045,48,'present',NULL,NULL,NULL,'present'),(368,2046,48,'present',NULL,NULL,NULL,'present'),(369,2047,48,'present',NULL,NULL,NULL,'present'),(370,2048,48,'present',NULL,NULL,NULL,'present'),(371,2058,19,'present',NULL,NULL,NULL,'present'),(372,2059,19,'present',NULL,NULL,NULL,'present'),(373,2060,19,'present',NULL,NULL,NULL,'present'),(374,2061,19,'present',NULL,NULL,NULL,'present'),(375,2062,19,'present',NULL,NULL,NULL,'present'),(376,2063,19,'present',NULL,NULL,NULL,'present'),(377,2064,19,'present',NULL,NULL,NULL,'present'),(378,2065,19,'present',NULL,NULL,NULL,'present'),(379,2066,19,'present',NULL,NULL,NULL,'present'),(380,2058,21,'present',NULL,NULL,NULL,'present'),(381,2059,21,'present',NULL,NULL,NULL,'present'),(382,2060,21,'present',NULL,NULL,NULL,'present'),(383,2061,21,'present',NULL,NULL,NULL,'present'),(384,2062,21,'absent',NULL,NULL,NULL,'absent'),(385,2063,21,'present',NULL,NULL,NULL,'present'),(386,2064,21,'present',NULL,NULL,NULL,'present'),(387,2065,21,'present',NULL,NULL,NULL,'present'),(388,2066,21,'present',NULL,NULL,NULL,'present'),(389,2058,25,'present',NULL,NULL,NULL,'present'),(390,2059,25,'present',NULL,NULL,NULL,'present'),(391,2060,25,'absent',NULL,NULL,NULL,'absent'),(392,2061,25,'present',NULL,NULL,NULL,'present'),(393,2062,25,'present',NULL,NULL,NULL,'present'),(394,2063,25,'present',NULL,NULL,NULL,'present'),(395,2064,25,'present',NULL,NULL,NULL,'present'),(396,2065,25,'present',NULL,NULL,NULL,'present'),(397,2066,25,'present',NULL,NULL,NULL,'present'),(398,2058,26,'present',NULL,NULL,NULL,'present'),(399,2059,26,'present',NULL,NULL,NULL,'present'),(400,2060,26,'present',NULL,NULL,NULL,'present'),(401,2061,26,'present',NULL,NULL,NULL,'present'),(402,2062,26,'present',NULL,NULL,NULL,'present'),(403,2063,26,'present',NULL,NULL,NULL,'present'),(404,2064,26,'absent',NULL,NULL,NULL,'absent'),(405,2065,26,'present',NULL,NULL,NULL,'present'),(406,2066,26,'present',NULL,NULL,NULL,'present'),(407,2058,28,'present',NULL,NULL,NULL,'present'),(408,2059,28,'present',NULL,NULL,NULL,'present'),(409,2060,28,'present',NULL,NULL,NULL,'present'),(410,2061,28,'present',NULL,NULL,NULL,'present'),(411,2062,28,'present',NULL,NULL,NULL,'present'),(412,2063,28,'present',NULL,NULL,NULL,'present'),(413,2064,28,'present',NULL,NULL,NULL,'present'),(414,2065,28,'present',NULL,NULL,NULL,'present'),(415,2066,28,'absent',NULL,NULL,NULL,'absent'),(416,2058,29,'present',NULL,NULL,NULL,'present'),(417,2059,29,'present',NULL,NULL,NULL,'present'),(418,2060,29,'present',NULL,NULL,NULL,'present'),(419,2061,29,'present',NULL,NULL,NULL,'present'),(420,2062,29,'present',NULL,NULL,NULL,'present'),(421,2063,29,'absent',NULL,NULL,NULL,'absent'),(422,2064,29,'present',NULL,NULL,NULL,'present'),(423,2065,29,'present',NULL,NULL,NULL,'present'),(424,2066,29,'present',NULL,NULL,NULL,'present'),(425,2058,32,'present',NULL,NULL,NULL,'present'),(426,2059,32,'present',NULL,NULL,NULL,'present'),(427,2060,32,'present',NULL,NULL,NULL,'present'),(428,2061,32,'absent',NULL,NULL,NULL,'absent'),(429,2062,32,'present',NULL,NULL,NULL,'present'),(430,2063,32,'present',NULL,NULL,NULL,'present'),(431,2064,32,'present',NULL,NULL,NULL,'present'),(432,2065,32,'present',NULL,NULL,NULL,'present'),(433,2066,32,'present',NULL,NULL,NULL,'present'),(434,2058,33,'present',NULL,NULL,NULL,'present'),(435,2059,33,'present',NULL,NULL,NULL,'present'),(436,2060,33,'absent',NULL,NULL,NULL,'absent'),(437,2061,33,'present',NULL,NULL,NULL,'present'),(438,2062,33,'present',NULL,NULL,NULL,'present'),(439,2063,33,'present',NULL,NULL,NULL,'present'),(440,2064,33,'present',NULL,NULL,NULL,'present'),(441,2065,33,'present',NULL,NULL,NULL,'present'),(442,2066,33,'present',NULL,NULL,NULL,'present'),(443,2058,34,'present',NULL,NULL,NULL,'present'),(444,2059,34,'present',NULL,NULL,NULL,'present'),(445,2060,34,'present',NULL,NULL,NULL,'present'),(446,2061,34,'absent',NULL,NULL,NULL,'absent'),(447,2062,34,'present',NULL,NULL,NULL,'present'),(448,2063,34,'present',NULL,NULL,NULL,'present'),(449,2064,34,'present',NULL,NULL,NULL,'present'),(450,2065,34,'present',NULL,NULL,NULL,'present'),(451,2066,34,'absent',NULL,NULL,NULL,'absent'),(452,2058,35,'present',NULL,NULL,NULL,'present'),(453,2059,35,'present',NULL,NULL,NULL,'present'),(454,2060,35,'present',NULL,NULL,NULL,'present'),(455,2061,35,'present',NULL,NULL,NULL,'present'),(456,2062,35,'present',NULL,NULL,NULL,'present'),(457,2063,35,'present',NULL,NULL,NULL,'present'),(458,2064,35,'present',NULL,NULL,NULL,'present'),(459,2065,35,'present',NULL,NULL,NULL,'present'),(460,2066,35,'present',NULL,NULL,NULL,'present'),(461,2058,38,'absent',NULL,NULL,NULL,'absent'),(462,2059,38,'present',NULL,NULL,NULL,'present'),(463,2060,38,'present',NULL,NULL,NULL,'present'),(464,2061,38,'present',NULL,NULL,NULL,'present'),(465,2062,38,'present',NULL,NULL,NULL,'present'),(466,2063,38,'present',NULL,NULL,NULL,'present'),(467,2064,38,'present',NULL,NULL,NULL,'present'),(468,2065,38,'present',NULL,NULL,NULL,'present'),(469,2066,38,'present',NULL,NULL,NULL,'present'),(470,2058,41,'present',NULL,NULL,NULL,'present'),(471,2059,41,'present',NULL,NULL,NULL,'present'),(472,2060,41,'present',NULL,NULL,NULL,'present'),(473,2061,41,'present',NULL,NULL,NULL,'present'),(474,2062,41,'absent',NULL,NULL,NULL,'absent'),(475,2063,41,'present',NULL,NULL,NULL,'present'),(476,2064,41,'present',NULL,NULL,NULL,'present'),(477,2065,41,'present',NULL,NULL,NULL,'present'),(478,2066,41,'present',NULL,NULL,NULL,'present'),(479,2058,42,'present',NULL,NULL,NULL,'present'),(480,2059,42,'present',NULL,NULL,NULL,'present'),(481,2060,42,'present',NULL,NULL,NULL,'present'),(482,2061,42,'present',NULL,NULL,NULL,'present'),(483,2062,42,'present',NULL,NULL,NULL,'present'),(484,2063,42,'present',NULL,NULL,NULL,'present'),(485,2064,42,'present',NULL,NULL,NULL,'present'),(486,2065,42,'absent',NULL,NULL,NULL,'absent'),(487,2066,42,'present',NULL,NULL,NULL,'present'),(488,2058,43,'present',NULL,NULL,NULL,'present'),(489,2059,43,'present',NULL,NULL,NULL,'present'),(490,2060,43,'present',NULL,NULL,NULL,'present'),(491,2061,43,'present',NULL,NULL,NULL,'present'),(492,2062,43,'present',NULL,NULL,NULL,'present'),(493,2063,43,'present',NULL,NULL,NULL,'present'),(494,2064,43,'present',NULL,NULL,NULL,'present'),(495,2065,43,'present',NULL,NULL,NULL,'present'),(496,2066,43,'present',NULL,NULL,NULL,'present'),(497,2058,44,'present',NULL,NULL,NULL,'present'),(498,2059,44,'present',NULL,NULL,NULL,'present'),(499,2060,44,'present',NULL,NULL,NULL,'present'),(500,2061,44,'absent',NULL,NULL,NULL,'absent'),(501,2062,44,'present',NULL,NULL,NULL,'present'),(502,2063,44,'present',NULL,NULL,NULL,'present'),(503,2064,44,'present',NULL,NULL,NULL,'present'),(504,2065,44,'present',NULL,NULL,NULL,'present'),(505,2066,44,'present',NULL,NULL,NULL,'present'),(506,2058,49,'absent',NULL,NULL,NULL,'absent'),(507,2059,49,'present',NULL,NULL,NULL,'present'),(508,2060,49,'present',NULL,NULL,NULL,'present'),(509,2061,49,'present',NULL,NULL,NULL,'present'),(510,2062,49,'present',NULL,NULL,NULL,'present'),(511,2063,49,'present',NULL,NULL,NULL,'present'),(512,2064,49,'absent',NULL,NULL,NULL,'absent'),(513,2065,49,'present',NULL,NULL,NULL,'present'),(514,2066,49,'present',NULL,NULL,NULL,'present'),(515,2058,50,'present',NULL,NULL,NULL,'present'),(516,2059,50,'present',NULL,NULL,NULL,'present'),(517,2060,50,'present',NULL,NULL,NULL,'present'),(518,2061,50,'present',NULL,NULL,NULL,'present'),(519,2062,50,'present',NULL,NULL,NULL,'present'),(520,2063,50,'present',NULL,NULL,NULL,'present'),(521,2064,50,'absent',NULL,NULL,NULL,'absent'),(522,2065,50,'present',NULL,NULL,NULL,'present'),(523,2066,50,'present',NULL,NULL,NULL,'present'),(524,2058,53,'present',NULL,NULL,NULL,'present'),(525,2059,53,'present',NULL,NULL,NULL,'present'),(526,2060,53,'present',NULL,NULL,NULL,'present'),(527,2061,53,'present',NULL,NULL,NULL,'present'),(528,2062,53,'present',NULL,NULL,NULL,'present'),(529,2063,53,'present',NULL,NULL,NULL,'present'),(530,2064,53,'present',NULL,NULL,NULL,'present'),(531,2065,53,'present',NULL,NULL,NULL,'present'),(532,2066,53,'present',NULL,NULL,NULL,'present'),(533,2058,54,'absent',NULL,NULL,NULL,'absent'),(534,2059,54,'present',NULL,NULL,NULL,'present'),(535,2060,54,'present',NULL,NULL,NULL,'present'),(536,2061,54,'present',NULL,NULL,NULL,'present'),(537,2062,54,'present',NULL,NULL,NULL,'present'),(538,2063,54,'present',NULL,NULL,NULL,'present'),(539,2064,54,'present',NULL,NULL,NULL,'present'),(540,2065,54,'present',NULL,NULL,NULL,'present'),(541,2066,54,'present',NULL,NULL,NULL,'present'),(542,2058,56,'present',NULL,NULL,NULL,'present'),(543,2059,56,'present',NULL,NULL,NULL,'present'),(544,2060,56,'present',NULL,NULL,NULL,'present'),(545,2061,56,'present',NULL,NULL,NULL,'present'),(546,2062,56,'present',NULL,NULL,NULL,'present'),(547,2063,56,'present',NULL,NULL,NULL,'present'),(548,2064,56,'present',NULL,NULL,NULL,'present'),(549,2065,56,'present',NULL,NULL,NULL,'present'),(550,2066,56,'absent',NULL,NULL,NULL,'absent'),(551,2058,57,'present',NULL,NULL,NULL,'present'),(552,2059,57,'present',NULL,NULL,NULL,'present'),(553,2060,57,'present',NULL,NULL,NULL,'present'),(554,2061,57,'absent',NULL,NULL,NULL,'absent'),(555,2062,57,'present',NULL,NULL,NULL,'present'),(556,2063,57,'present',NULL,NULL,NULL,'present'),(557,2064,57,'absent',NULL,NULL,NULL,'absent'),(558,2065,57,'present',NULL,NULL,NULL,'present'),(559,2066,57,'present',NULL,NULL,NULL,'present'),(560,2058,48,'present',NULL,NULL,NULL,'present'),(561,2059,48,'absent',NULL,NULL,NULL,'absent'),(562,2060,48,'present',NULL,NULL,NULL,'present'),(563,2061,48,'present',NULL,NULL,NULL,'present'),(564,2062,48,'present',NULL,NULL,NULL,'present'),(565,2063,48,'present',NULL,NULL,NULL,'present'),(566,2064,48,'present',NULL,NULL,NULL,'present'),(567,2065,48,'present',NULL,NULL,NULL,'present'),(568,2066,48,'absent',NULL,NULL,NULL,'absent'),(569,2067,19,'present',NULL,NULL,NULL,'present'),(570,2068,19,'present',NULL,NULL,NULL,'present'),(571,2069,19,'present',NULL,NULL,NULL,'present'),(572,2070,19,'present',NULL,NULL,NULL,'present'),(573,2071,19,'present',NULL,NULL,NULL,'present'),(574,2072,19,'present',NULL,NULL,NULL,'present'),(575,2073,19,'present',NULL,NULL,NULL,'present'),(576,2074,19,'present',NULL,NULL,NULL,'present'),(577,2075,19,'absent',NULL,NULL,NULL,'absent'),(578,2067,20,'present',NULL,NULL,NULL,'present'),(579,2068,20,'present',NULL,NULL,NULL,'present'),(580,2069,20,'present',NULL,NULL,NULL,'present'),(581,2070,20,'present',NULL,NULL,NULL,'present'),(582,2071,20,'present',NULL,NULL,NULL,'present'),(583,2072,20,'present',NULL,NULL,NULL,'present'),(584,2073,20,'absent',NULL,NULL,NULL,'absent'),(585,2074,20,'present',NULL,NULL,NULL,'present'),(586,2075,20,'present',NULL,NULL,NULL,'present'),(587,2067,22,'present',NULL,NULL,NULL,'present'),(588,2068,22,'present',NULL,NULL,NULL,'present'),(589,2069,22,'present',NULL,NULL,NULL,'present'),(590,2070,22,'present',NULL,NULL,NULL,'present'),(591,2071,22,'present',NULL,NULL,NULL,'present'),(592,2072,22,'present',NULL,NULL,NULL,'present'),(593,2073,22,'present',NULL,NULL,NULL,'present'),(594,2074,22,'present',NULL,NULL,NULL,'present'),(595,2075,22,'present',NULL,NULL,NULL,'present'),(596,2067,25,'absent',NULL,NULL,NULL,'absent'),(597,2068,25,'present',NULL,NULL,NULL,'present'),(598,2069,25,'present',NULL,NULL,NULL,'present'),(599,2070,25,'present',NULL,NULL,NULL,'present'),(600,2071,25,'present',NULL,NULL,NULL,'present'),(601,2072,25,'present',NULL,NULL,NULL,'present'),(602,2073,25,'present',NULL,NULL,NULL,'present'),(603,2074,25,'present',NULL,NULL,NULL,'present'),(604,2075,25,'present',NULL,NULL,NULL,'present'),(605,2067,27,'present',NULL,NULL,NULL,'present'),(606,2068,27,'present',NULL,NULL,NULL,'present'),(607,2069,27,'present',NULL,NULL,NULL,'present'),(608,2070,27,'present',NULL,NULL,NULL,'present'),(609,2071,27,'present',NULL,NULL,NULL,'present'),(610,2072,27,'present',NULL,NULL,NULL,'present'),(611,2073,27,'present',NULL,NULL,NULL,'present'),(612,2074,27,'present',NULL,NULL,NULL,'present'),(613,2075,27,'absent',NULL,NULL,NULL,'absent'),(614,2067,31,'present',NULL,NULL,NULL,'present'),(615,2068,31,'present',NULL,NULL,NULL,'present'),(616,2069,31,'present',NULL,NULL,NULL,'present'),(617,2070,31,'present',NULL,NULL,NULL,'present'),(618,2071,31,'present',NULL,NULL,NULL,'present'),(619,2072,31,'absent',NULL,NULL,NULL,'absent'),(620,2073,31,'present',NULL,NULL,NULL,'present'),(621,2074,31,'present',NULL,NULL,NULL,'present'),(622,2075,31,'present',NULL,NULL,NULL,'present'),(623,2067,32,'present',NULL,NULL,NULL,'present'),(624,2068,32,'absent',NULL,NULL,NULL,'absent'),(625,2069,32,'present',NULL,NULL,NULL,'present'),(626,2070,32,'present',NULL,NULL,NULL,'present'),(627,2071,32,'present',NULL,NULL,NULL,'present'),(628,2072,32,'present',NULL,NULL,NULL,'present'),(629,2073,32,'present',NULL,NULL,NULL,'present'),(630,2074,32,'present',NULL,NULL,NULL,'present'),(631,2075,32,'present',NULL,NULL,NULL,'present'),(632,2067,35,'absent',NULL,NULL,NULL,'absent'),(633,2068,35,'present',NULL,NULL,NULL,'present'),(634,2069,35,'present',NULL,NULL,NULL,'present'),(635,2070,35,'present',NULL,NULL,NULL,'present'),(636,2071,35,'present',NULL,NULL,NULL,'present'),(637,2072,35,'present',NULL,NULL,NULL,'present'),(638,2073,35,'present',NULL,NULL,NULL,'present'),(639,2074,35,'present',NULL,NULL,NULL,'present'),(640,2075,35,'present',NULL,NULL,NULL,'present'),(641,2067,36,'present',NULL,NULL,NULL,'present'),(642,2068,36,'present',NULL,NULL,NULL,'present'),(643,2069,36,'present',NULL,NULL,NULL,'present'),(644,2070,36,'present',NULL,NULL,NULL,'present'),(645,2071,36,'present',NULL,NULL,NULL,'present'),(646,2072,36,'present',NULL,NULL,NULL,'present'),(647,2073,36,'absent',NULL,NULL,NULL,'absent'),(648,2074,36,'present',NULL,NULL,NULL,'present'),(649,2075,36,'present',NULL,NULL,NULL,'present'),(650,2067,37,'present',NULL,NULL,NULL,'present'),(651,2068,37,'present',NULL,NULL,NULL,'present'),(652,2069,37,'present',NULL,NULL,NULL,'present'),(653,2070,37,'present',NULL,NULL,NULL,'present'),(654,2071,37,'present',NULL,NULL,NULL,'present'),(655,2072,37,'present',NULL,NULL,NULL,'present'),(656,2073,37,'present',NULL,NULL,NULL,'present'),(657,2074,37,'present',NULL,NULL,NULL,'present'),(658,2075,37,'present',NULL,NULL,NULL,'present'),(659,2067,40,'present',NULL,NULL,NULL,'present'),(660,2068,40,'absent',NULL,NULL,NULL,'absent'),(661,2069,40,'present',NULL,NULL,NULL,'present'),(662,2070,40,'present',NULL,NULL,NULL,'present'),(663,2071,40,'present',NULL,NULL,NULL,'present'),(664,2072,40,'present',NULL,NULL,NULL,'present'),(665,2073,40,'present',NULL,NULL,NULL,'present'),(666,2074,40,'present',NULL,NULL,NULL,'present'),(667,2075,40,'present',NULL,NULL,NULL,'present'),(668,2067,45,'present',NULL,NULL,NULL,'present'),(669,2068,45,'present',NULL,NULL,NULL,'present'),(670,2069,45,'present',NULL,NULL,NULL,'present'),(671,2070,45,'present',NULL,NULL,NULL,'present'),(672,2071,45,'absent',NULL,NULL,NULL,'absent'),(673,2072,45,'present',NULL,NULL,NULL,'present'),(674,2073,45,'present',NULL,NULL,NULL,'present'),(675,2074,45,'present',NULL,NULL,NULL,'present'),(676,2075,45,'absent',NULL,NULL,NULL,'absent'),(677,2067,42,'present',NULL,NULL,NULL,'present'),(678,2068,42,'present',NULL,NULL,NULL,'present'),(679,2069,42,'present',NULL,NULL,NULL,'present'),(680,2070,42,'present',NULL,NULL,NULL,'present'),(681,2071,42,'present',NULL,NULL,NULL,'present'),(682,2072,42,'present',NULL,NULL,NULL,'present'),(683,2073,42,'present',NULL,NULL,NULL,'present'),(684,2074,42,'absent',NULL,NULL,NULL,'absent'),(685,2075,42,'present',NULL,NULL,NULL,'present'),(686,2067,46,'absent',NULL,NULL,NULL,'absent'),(687,2068,46,'present',NULL,NULL,NULL,'present'),(688,2069,46,'absent',NULL,NULL,NULL,'absent'),(689,2070,46,'present',NULL,NULL,NULL,'present'),(690,2071,46,'absent',NULL,NULL,NULL,'absent'),(691,2072,46,'present',NULL,NULL,NULL,'present'),(692,2073,46,'absent',NULL,NULL,NULL,'absent'),(693,2074,46,'present',NULL,NULL,NULL,'present'),(694,2075,46,'absent',NULL,NULL,NULL,'absent'),(695,2067,47,'present',NULL,NULL,NULL,'present'),(696,2068,47,'absent',NULL,NULL,NULL,'absent'),(697,2069,47,'present',NULL,NULL,NULL,'present'),(698,2070,47,'absent',NULL,NULL,NULL,'absent'),(699,2071,47,'present',NULL,NULL,NULL,'present'),(700,2072,47,'present',NULL,NULL,NULL,'present'),(701,2073,47,'present',NULL,NULL,NULL,'present'),(702,2074,47,'absent',NULL,NULL,NULL,'absent'),(703,2075,47,'present',NULL,NULL,NULL,'present'),(704,2067,49,'present',NULL,NULL,NULL,'present'),(705,2068,49,'present',NULL,NULL,NULL,'present'),(706,2069,49,'present',NULL,NULL,NULL,'present'),(707,2070,49,'present',NULL,NULL,NULL,'present'),(708,2071,49,'present',NULL,NULL,NULL,'present'),(709,2072,49,'absent',NULL,NULL,NULL,'absent'),(710,2073,49,'present',NULL,NULL,NULL,'present'),(711,2074,49,'present',NULL,NULL,NULL,'present'),(712,2075,49,'present',NULL,NULL,NULL,'present'),(713,2067,51,'present',NULL,NULL,NULL,'present'),(714,2068,51,'present',NULL,NULL,NULL,'present'),(715,2069,51,'present',NULL,NULL,NULL,'present'),(716,2070,51,'present',NULL,NULL,NULL,'present'),(717,2071,51,'absent',NULL,NULL,NULL,'absent'),(718,2072,51,'present',NULL,NULL,NULL,'present'),(719,2073,51,'present',NULL,NULL,NULL,'present'),(720,2074,51,'present',NULL,NULL,NULL,'present'),(721,2075,51,'present',NULL,NULL,NULL,'present'),(722,2067,54,'absent',NULL,NULL,NULL,'absent'),(723,2068,54,'present',NULL,NULL,NULL,'present'),(724,2069,54,'present',NULL,NULL,NULL,'present'),(725,2070,54,'present',NULL,NULL,NULL,'present'),(726,2071,54,'present',NULL,NULL,NULL,'present'),(727,2072,54,'present',NULL,NULL,NULL,'present'),(728,2073,54,'present',NULL,NULL,NULL,'present'),(729,2074,54,'absent',NULL,NULL,NULL,'absent'),(730,2075,54,'present',NULL,NULL,NULL,'present'),(731,2067,57,'present',NULL,NULL,NULL,'present'),(732,2068,57,'present',NULL,NULL,NULL,'present'),(733,2069,57,'absent',NULL,NULL,NULL,'absent'),(734,2070,57,'present',NULL,NULL,NULL,'present'),(735,2071,57,'present',NULL,NULL,NULL,'present'),(736,2072,57,'present',NULL,NULL,NULL,'present'),(737,2073,57,'absent',NULL,NULL,NULL,'absent'),(738,2074,57,'present',NULL,NULL,NULL,'present'),(739,2075,57,'absent',NULL,NULL,NULL,'absent'),(740,2049,18,'absent',NULL,'2019-07-19 14:34:54','2019-11-22 14:48:48','present'),(741,2050,18,'absent',NULL,'2019-07-19 14:34:54','2019-07-20 08:16:57','present'),(742,2051,18,'present',NULL,'2019-07-19 14:34:54','2019-07-19 14:34:54','present'),(743,2052,18,'present',NULL,'2019-07-19 14:34:54','2019-07-19 14:34:54','present'),(744,2053,18,'present',NULL,'2019-07-19 14:34:54','2019-07-19 14:34:54','present'),(745,2054,18,'present',NULL,'2019-07-19 14:34:54','2019-07-19 14:34:54','present'),(746,2055,18,'present',NULL,'2019-07-19 14:34:54','2019-07-19 14:34:54','present'),(747,2056,18,'present',NULL,'2019-07-19 14:34:54','2019-07-19 14:34:54','present'),(748,2057,18,'present',NULL,'2019-07-19 14:34:54','2019-07-19 14:34:54','present'),(749,2049,21,'present',NULL,'2019-07-19 14:56:36','2019-07-19 14:56:36','present'),(750,2050,21,'present',NULL,'2019-07-19 14:56:36','2019-07-19 14:56:36','present'),(751,2051,21,'present',NULL,'2019-07-19 14:56:36','2019-07-19 14:56:36','present'),(752,2052,21,'present',NULL,'2019-07-19 14:56:36','2019-07-19 14:56:36','present'),(753,2053,21,'present',NULL,'2019-07-19 14:56:36','2019-07-19 14:56:36','present'),(754,2054,21,'present',NULL,'2019-07-19 14:56:36','2019-07-19 14:56:36','present'),(755,2055,21,'present',NULL,'2019-07-19 14:56:36','2019-07-19 14:56:36','present'),(756,2056,21,'present',NULL,'2019-07-19 14:56:36','2019-07-19 14:56:36','present'),(757,2057,21,'present',NULL,'2019-07-19 14:56:36','2019-07-19 14:56:36','present'),(758,2050,26,'present',NULL,'2019-07-19 15:00:24','2019-07-19 15:00:24','present'),(759,2051,26,'present',NULL,'2019-07-19 15:00:24','2019-07-19 15:00:24','present'),(760,2049,26,'present',NULL,'2019-07-19 15:00:24','2019-07-19 15:00:24','present'),(761,2052,26,'present',NULL,'2019-07-19 15:00:24','2019-07-19 15:00:24','present'),(762,2053,26,'present',NULL,'2019-07-19 15:00:24','2019-07-19 15:00:24','present'),(767,2055,26,'absent',NULL,'2019-07-20 08:26:41','2019-07-20 08:26:41','present'),(768,2148,63,'absent',NULL,'2019-09-03 18:09:59','2019-09-03 18:09:59','present'),(769,2156,63,'absent',NULL,'2019-09-03 18:10:05','2019-09-03 18:10:05','present'),(770,2040,65,'absent',NULL,'2019-10-01 08:26:16','2019-10-01 08:26:16','present'),(771,2041,65,'absent',NULL,'2019-10-01 08:26:16','2019-10-01 08:26:16','present');
/*!40000 ALTER TABLE `presence` ENABLE KEYS */;
UNLOCK TABLES;

--
-- Table structure for table `school_subject`
--

DROP TABLE IF EXISTS `school_subject`;
/*!40101 SET @saved_cs_client     = @@character_set_client */;
/*!40101 SET character_set_client = utf8 */;
CREATE TABLE `school_subject` (
  `id` int(11) NOT NULL AUTO_INCREMENT,
  `name` varchar(64) DEFAULT NULL,
  `description` mediumtext,
  `createdAt` datetime DEFAULT NULL,
  `updatedAt` datetime DEFAULT NULL,
  `abbreviation` varchar(5) DEFAULT NULL,
  `canDoExam` tinyint(1) DEFAULT NULL,
  PRIMARY KEY (`id`),
  UNIQUE KEY `id_UNIQUE` (`id`)
) ENGINE=InnoDB AUTO_INCREMENT=17 DEFAULT CHARSET=utf8;
/*!40101 SET character_set_client = @saved_cs_client */;

--
-- Dumping data for table `school_subject`
--

LOCK TABLES `school_subject` WRITE;
/*!40000 ALTER TABLE `school_subject` DISABLE KEYS */;
INSERT INTO `school_subject` VALUES (11,'Informatica','Bij dit vak leer je alles over computers','2019-04-21 14:15:50','2019-04-21 14:15:50','TEST',1),(14,'Avonturen','De theoretische kant van wiskunde','2019-04-21 14:31:00','2019-04-21 14:31:00','TEST',0),(15,'EenTestVak','testomschrijving','2019-07-03 14:51:16','2019-07-03 14:51:16','TEST',1),(16,'test11','Een nieuw test vak','2019-08-14 09:00:11','2019-08-14 09:00:11','TEST',1);
/*!40000 ALTER TABLE `school_subject` ENABLE KEYS */;
UNLOCK TABLES;

--
-- Table structure for table `user_data`
--

DROP TABLE IF EXISTS `user_data`;
/*!40101 SET @saved_cs_client     = @@character_set_client */;
/*!40101 SET character_set_client = utf8 */;
CREATE TABLE `user_data` (
  `id` int(11) NOT NULL AUTO_INCREMENT,
  `email` varchar(64) NOT NULL,
  `role` varchar(16) NOT NULL,
  `school` varchar(45) DEFAULT NULL,
  `firstName` varchar(64) DEFAULT NULL,
  `lastName` varchar(64) DEFAULT NULL,
  `year` varchar(16) DEFAULT NULL,
  `level` varchar(45) DEFAULT NULL,
  `preferedEmail` varchar(64) DEFAULT NULL,
  `profile` varchar(45) DEFAULT NULL,
  `phoneNumber` varchar(45) DEFAULT NULL,
  `displayName` varchar(64) DEFAULT NULL,
  `createIp` varchar(45) DEFAULT NULL,
  `createdAt` datetime DEFAULT NULL,
  `updatedAt` datetime DEFAULT NULL,
  `remarks` mediumtext,
  `schoolLocation` varchar(64) DEFAULT NULL,
  `examSubjects` mediumtext,
  `needsProfileUpdate` tinyint(1) NOT NULL DEFAULT '1',
  PRIMARY KEY (`id`),
  UNIQUE KEY `id_UNIQUE` (`id`),
  UNIQUE KEY `email_UNIQUE` (`email`)
) ENGINE=InnoDB AUTO_INCREMENT=68 DEFAULT CHARSET=utf8;
/*!40101 SET character_set_client = @saved_cs_client */;

--
-- Dumping data for table `user_data`
--

LOCK TABLES `user_data` WRITE;
/*!40000 ALTER TABLE `user_data` DISABLE KEYS */;
INSERT INTO `user_data` VALUES (11,'BD12333@beekdal.nl','admin','Beekdal Lyceum','Willem','Verbeek',NULL,NULL,'wverbeek@gmail.com',NULL,'0648374857','Verbeek, Willem',NULL,NULL,NULL,NULL,NULL,NULL,1),(12,'BD11234@beekdal.nl','teacher','Beekdal Lyceum','Cas','de Leeuw',NULL,NULL,'Cas.Leeuw@gmail.com',NULL,'0619285452','',NULL,NULL,NULL,NULL,NULL,NULL,1),(13,'BD10034@beekdal.nl','teacher','Beekdal Lyceum','Nienke','van de Pol',NULL,'','nienke.vdpol@gmail.com','','0636403434','van de Pol, Nienke','213.127.243.178','2018-08-17 11:52:03',NULL,NULL,NULL,NULL,1),(14,'BD11029@beekdal.nl','teacher','Beekdal Lyceum','Esmee','Molenaar',NULL,NULL,'Esmee.molenaar@gmail.com',NULL,'0639285748','Molenaar, Esmee',NULL,NULL,NULL,NULL,NULL,NULL,1),(15,'SGA1123@gymarnhem.nl','teacher','Gymnasium Arnhem','Vera','Kuijpers',NULL,NULL,'Veraaa@gmail.com',NULL,'0691847634','Kuijpers, Vera',NULL,NULL,NULL,NULL,NULL,NULL,1),(16,'adminMarloes@quadraam.nl','admin','','Marloes','van der Horst',NULL,'','Marloes.vdhorst1999@gmail.com','','0691824322','van der Horst, Marloes','213.127.243.178','2018-10-07 21:13:00',NULL,NULL,NULL,NULL,1),(17,'admin@quadraam.nl','admin','','Steven','Bronsveld',NULL,'','steven.bronsveld@gmail.com','','0692835781','Test','213.127.243.178','2018-10-21 21:13:36',NULL,NULL,NULL,NULL,1),(18,'SY10010@symbion.nl','student','Symbion','Daan','Sanders','3','VWO','smp15.minecraft@gmail.com','EM&CM','0611284958','Sanders, Daan','213.127.243.178','2018-12-27 15:43:19','2020-03-01 13:13:47','',NULL,'[{\"id\":15,\"inProfile\":false}]',0),(19,'PD10012@produs.nl','student','Produs Arnhem','Sanne','Mol','4','HAVO','sdjlkfsjll@sldfjl.nl','NG','0692838485','Mol, Sanne',NULL,NULL,'2020-04-02 11:25:52','',NULL,'',0),(20,'OC110294@olympus.nl','student','Olympus College','Sem','Wolters','3','HAVO','sem.wolters.sem@hotmail.com','NT','0612958473','Wolters, Sem',NULL,NULL,NULL,NULL,NULL,NULL,1),(21,'LL100123@lorentz.nl','student','Lorentz Lyceam','Julia','Bosman','5','VWO','steven@gmail.com','NG','0629389584','Bosman, Julia',NULL,NULL,'2019-08-16 10:05:37',NULL,NULL,NULL,1),(22,'CC110100@candea.nl','student','Candea','Thomas','Hofman','5','VMBO','thomas@gmail.com','Geen Profiel','0123456789','Hofman, Thomas',NULL,NULL,'2020-02-18 10:33:46','',NULL,'',1),(23,'CB101294@quadraam.nl','student','Quadraam','Emma','van der Meulen','4','HAVO',NULL,'EM','0692336992','van der Meulen, Emma',NULL,NULL,NULL,NULL,NULL,NULL,1),(24,'MvE10103@mvrossem.nl','student','Maarten van Rossem','Tim','van den Bosch','3','VWO','','Bouwen, wonen en interieur','','van den Bosch, Tim',NULL,NULL,'2020-02-18 10:35:18','',NULL,'[{\"id\":15,\"inProfile\":false}]',1),(25,'LC100234@liemers.nl','student','Liemers College','Sophie','Evers','4','HAVO','severs@hotmail.com','NT','0611594834','Evers, Sophie',NULL,NULL,NULL,NULL,NULL,NULL,1),(26,'CB123423@quadraam.nl','student','Quadraam','Lucas','Hermans','5','HAVO',NULL,'EM','0694338213','Hermans, Lucas',NULL,NULL,NULL,NULL,NULL,NULL,1),(27,'MvE12342@mvrossem.nl','student','Maarten van Rossem','Lisa','van Doorn','6','VWO',NULL,'NG','0688392854','van Doorn, Lisa',NULL,NULL,NULL,NULL,NULL,NULL,1),(28,'LC100293@liemers.nl','student','Liemers College','Lars','Driessen','4','HAVO',NULL,'NT','0672884733','Driessen, Lars',NULL,NULL,NULL,NULL,NULL,NULL,1),(29,'VE100359@venster.nl','student','vmbo-venster','Lotte','van den Velden','3','HAVO','','','0699548834','van den Velden, Lotte',NULL,NULL,'2020-02-18 10:46:57','',NULL,'',1),(30,'HW113245@westeraam.nl','student','Het Westeraam','Milan','Koning','5','HAVO','sdf@fsdm.nl','CM','0681934458','Koning, Milan',NULL,NULL,'2019-09-15 08:51:10',NULL,NULL,NULL,1),(31,'MC11010@montessori.nl','student','Montessori Arnhem','Anna','van der Laan','4','VWO','avanderlaan@gmail.com','NT','0623455968','van der Laan, Anna',NULL,NULL,NULL,NULL,NULL,NULL,1),(32,'OC110249@olympus.nl','student','Olympus College','Thijs','de Koning','5','HAVO','','NG','0643928558','de Koning, Thijs',NULL,NULL,NULL,NULL,NULL,NULL,1),(33,'PD10249@produs.nl','student','Produs Arnhem','Eva','Schipper','5','HAVO','EvaSchipper@gmail.com','Economie en Maatschappij','0698984378','Schipper, Eva',NULL,NULL,'2020-02-18 10:48:41','',NULL,'[{\"id\":16,\"inProfile\":true}]',1),(34,'','student','','Jesse','van Dongen','5','VWO',NULL,'NT','0683835694','van Dongen, Jesse',NULL,NULL,NULL,NULL,NULL,NULL,1),(35,'SGA1001@gymarnhem.nl','student','Gymnasium Arnhem','Fleur','Bosch','4','VWO','fleur.bosch@hotmail.com',NULL,'','Bosch, Fleur',NULL,NULL,NULL,NULL,NULL,NULL,1),(36,'LL101029@lorentz.nl','student','Lorentz Lyceum','Ruben','de Vos','3','HAVO',NULL,'EM&CM','','de Vos, Ruben',NULL,NULL,NULL,NULL,NULL,NULL,1),(37,'MvE11029@mvrossem.nl','student','Maarten van Rossem','Anne','de Lange','4','HAVO','Anne.delange@gmail.com','CM','0649494835','de Lange, Anne',NULL,NULL,NULL,NULL,NULL,NULL,1),(38,'PD12348@produs.nl','student','Produs Arnhem','Stijn','Smeets','6','VWO','ssmeetss@hotmail.com','NT','0638384956','Smeets, Stijn',NULL,NULL,NULL,NULL,NULL,NULL,1),(39,'SGA1010@gymarnhem.nl','student','Gymnasium Arnhem','Isa','Willemsen','3','VWO','isawillemsen@hotmail.com',NULL,'0692348563','Willemsen, Isa',NULL,NULL,NULL,NULL,NULL,NULL,1),(40,'BD10003@beekdal.nl','student','Beekdal Lyceum','Bram','Boer','5','HAVO','bramb@gmail.com','NT&NG','0678783493','Boer, Bram',NULL,NULL,NULL,NULL,NULL,NULL,1),(41,'CC101023@candea.nl','student','Candea','Lieke','van Loon','3','VWO','liekevloon@hotmail.com','EM','0619284566','van Loon, Lieke',NULL,NULL,NULL,NULL,NULL,NULL,1),(42,'CD103458@quadraam.nl','student','Quadraam','Luuk','Jonker','4','VWO','ljonker1234@hotmail.com','NT','0638475767','Jonker, Luuk',NULL,NULL,NULL,NULL,NULL,NULL,1),(43,'BD10234@beekdal.nl','student','Beekdal Lyceum','Iris','Gerritsen','3','VWO','sfds@gmail.com','NG','0638374568','Gerritsen, Iris',NULL,NULL,'2019-11-24 13:22:55',NULL,NULL,NULL,1),(44,'CC112321@candea.nl','student','Candea','Sven','Groen','3','VWO','svenniegroen@gmail.com','EM&CM','0691385680','Groen, Sven',NULL,NULL,NULL,NULL,NULL,NULL,1),(45,'BD10010@beekdal.nl','student','Beekdal Lyceum','Noa','Timmermans','5','HAVO','noatimmermansxx@hotmail.com','NT','','Timmermans, Noa',NULL,NULL,NULL,NULL,NULL,NULL,1),(46,'MC11239@montessori.nl','student','Montessori Arnhem','Max','de Ruiter','4','VWO',NULL,'EM','0655593388','de Ruiter, Max',NULL,NULL,NULL,NULL,NULL,NULL,1),(47,'OC123584@olympus.nl','student','Olympus College','Femke','Vink','4','HAVO','femkevink@gmail.com','NT','0682249556','Vink, Femke',NULL,NULL,NULL,NULL,NULL,NULL,1),(48,'LL192844@lorentz.nl','student','Lorentz Lyceum','Finn','Martens','2','VWO',NULL,'NG','0628475768','Martens, Finn',NULL,NULL,NULL,NULL,NULL,NULL,1),(49,'LE192845@lycelst.nl','student','Lyceum Elst','Anouk','Postma','6','VWO','Anoukpostma@hotmail.com','NT','0617382373','Postma, Anouk',NULL,NULL,NULL,NULL,NULL,NULL,1),(50,'LC101234@liemers.nl','student','Liemers College','Niels','van Wijk','6','VWO','nvanwijk134@gmail.com','NG','0619283553','van Wijk, Niels',NULL,NULL,NULL,NULL,NULL,NULL,1),(51,'MvE11032@mvrossem.nl','student','Maarten van Rossem','Amber','Scholten','3','HAVO',NULL,'NT','0628384958','Scholten, Amber',NULL,NULL,NULL,NULL,NULL,NULL,1),(52,'OC112340@olympus.nl','student','Olympus College','Nick','van den Brink','2','VWO','nickvdbrink2000@gmail.com','NG','0619293854','van den Brink, Nick',NULL,NULL,NULL,NULL,NULL,NULL,1),(53,'MC11093@montessori.nl','student','Montessori Arnhem','Britt','Kramer','4','VWO',NULL,'NG','0637837484','Kramer, Britt',NULL,NULL,NULL,NULL,NULL,NULL,1),(54,'CC110293@candea.nl','student','Candea','Jayden','Veenstra','6','VWO','jaydenveenstrajayden@hotmail.com','EM&CM','0629824588','Veenstra, Jayden',NULL,NULL,NULL,NULL,NULL,NULL,1),(55,'CD193585@quadraam.nl','student','Quadraam','Maud','de Jonge','3','HAVO','Mauddejonge@gmail.com','NG','','de Jonge, Maud',NULL,NULL,NULL,NULL,NULL,NULL,1),(56,'LL338234@lorentz.nl','student','Lorentz Lyceum','Sam','Peeters','4','VWO','speeters@hotmail.com','NT','0678475501','Peeters, Sam',NULL,NULL,NULL,NULL,NULL,NULL,1),(57,'CC229340@candea.nl','student','Candea','Roos','Hoekstra','4','VWO','rooshoekstra1999@gmail.com','EM&CM','0611348474','Hoekstra, Roos',NULL,NULL,NULL,NULL,NULL,NULL,1),(59,'BD021920@ll.beekdallyceum.nl','admin','Beekdal','Mathijs','Gorkum, van',NULL,NULL,'BD021920@ll.beekdallyceum.nl',NULL,NULL,'Gorkum, Mathijs van','213.127.243.178','2019-04-26 10:27:01','2019-05-31 12:18:52',NULL,NULL,NULL,1),(60,'Qhighschool@quadraam.nl','admin','Lorentz Lyceum',NULL,'Qhighschool','6','HAVO','Qhighschool@quadraam.nl','NG','01234566788','Qhighschool','145.116.190.53','2019-05-17 12:01:03','2019-08-21 07:22:26',NULL,NULL,'[{\"id\":11,\"inProfile\":true}]',1),(61,'CBM016601@quadraam.nl','teacher','Centraal Bureau','Sandra','Reijngoud',NULL,NULL,'CBM016601@quadraam.nl',NULL,NULL,'Reijngoud, Sandra',NULL,'2019-05-24 12:50:57',NULL,NULL,NULL,NULL,1),(62,'CBM017392@quadraam.nl2','teacher','Centraal Bureau','Steven','Bronsveld',NULL,NULL,'CBM017392@quadraam.nl',NULL,NULL,'Bronsveld, Steven',NULL,'2019-07-12 09:36:40','2019-07-12 09:36:40',NULL,NULL,NULL,1),(63,'cbm017546@quadraam.nl','student','Centraal Buerao','Hans','GooR','3','VWO','CBM017546@quadraam.nl','NT','0999999999','Goor, Hans',NULL,NULL,'2020-04-06 15:05:42','',NULL,'',0),(64,'Qhighschool@quadraam.nl3','grade_admin','Lorentz Lyceum',NULL,'Qhighschool',NULL,NULL,'Qhighschool@quadraam.nl',NULL,NULL,'Qhighschool',NULL,'2019-08-19 13:03:05','2019-08-19 13:03:05',NULL,NULL,NULL,1),(65,'CBM017392@quadraam.nl3','teacher','Centraal Bureau','Steven','Bronsveld','6','HAVO','CBM017392@quadraam.nl','NG','06534543334','Bronsveld, Steven',NULL,'2019-08-31 18:40:45','2019-08-31 18:41:24',NULL,NULL,NULL,1),(66,'CBM017392@quadraam.nl','admin','Centraal Bureau','Steven','Bronsveld','4','HAVO','smp15.minecraft@gmail.com','NG','0643434444','Bronsveld, Steven',NULL,'2019-09-01 07:37:39','2020-03-01 12:44:22','',NULL,'[{\"id\":11,\"inProfile\":false}]',1),(67,'MC006666@ll.montessoriarnhem.nl','student','Montessori College Arnhem','Test','leerling 2',NULL,NULL,'MC006666@ll.montessoriarnhem.nl',NULL,NULL,'leerling 2, Test',NULL,'2020-05-09 07:56:34','2020-05-09 07:56:34','[]',NULL,'[]',1);
/*!40000 ALTER TABLE `user_data` ENABLE KEYS */;
UNLOCK TABLES;
/*!40103 SET TIME_ZONE=@OLD_TIME_ZONE */;

/*!40101 SET SQL_MODE=@OLD_SQL_MODE */;
/*!40014 SET FOREIGN_KEY_CHECKS=@OLD_FOREIGN_KEY_CHECKS */;
/*!40014 SET UNIQUE_CHECKS=@OLD_UNIQUE_CHECKS */;
/*!40101 SET CHARACTER_SET_CLIENT=@OLD_CHARACTER_SET_CLIENT */;
/*!40101 SET CHARACTER_SET_RESULTS=@OLD_CHARACTER_SET_RESULTS */;
/*!40101 SET COLLATION_CONNECTION=@OLD_COLLATION_CONNECTION */;
/*!40111 SET SQL_NOTES=@OLD_SQL_NOTES */;

-- Dump completed on 2020-05-09 11:12:31
