-- MySQL dump 10.13  Distrib 8.0.13, for macos10.14 (x86_64)
--
-- Host: localhost    Database: qhighschool
-- ------------------------------------------------------
-- Server version	8.0.13

/*!40101 SET @OLD_CHARACTER_SET_CLIENT=@@CHARACTER_SET_CLIENT */;
/*!40101 SET @OLD_CHARACTER_SET_RESULTS=@@CHARACTER_SET_RESULTS */;
/*!40101 SET @OLD_COLLATION_CONNECTION=@@COLLATION_CONNECTION */;
 SET NAMES utf8 ;
/*!40103 SET @OLD_TIME_ZONE=@@TIME_ZONE */;
/*!40103 SET TIME_ZONE='+00:00' */;
/*!40014 SET @OLD_UNIQUE_CHECKS=@@UNIQUE_CHECKS, UNIQUE_CHECKS=0 */;
/*!40014 SET @OLD_FOREIGN_KEY_CHECKS=@@FOREIGN_KEY_CHECKS, FOREIGN_KEY_CHECKS=0 */;
/*!40101 SET @OLD_SQL_MODE=@@SQL_MODE, SQL_MODE='NO_AUTO_VALUE_ON_ZERO' */;
/*!40111 SET @OLD_SQL_NOTES=@@SQL_NOTES, SQL_NOTES=0 */;

--
-- Table structure for table `course`
--

DROP TABLE IF EXISTS `course`;
/*!40101 SET @saved_cs_client     = @@character_set_client */;
 SET character_set_client = utf8mb4 ;
CREATE TABLE `course` (
  `id` int(11) NOT NULL AUTO_INCREMENT,
  `subjectId` int(11) DEFAULT NULL,
  `name` varchar(128) NOT NULL,
  `description` mediumtext,
  `remarks` mediumtext,
  `studyTime` double DEFAULT NULL,
  `createdAt` datetime DEFAULT NULL,
  `updatedAt` datetime DEFAULT NULL,
  PRIMARY KEY (`id`),
  UNIQUE KEY `id_UNIQUE` (`id`)
) ENGINE=InnoDB AUTO_INCREMENT=57 DEFAULT CHARSET=utf8;
/*!40101 SET character_set_client = @saved_cs_client */;

--
-- Dumping data for table `course`
--

LOCK TABLES `course` WRITE;
/*!40000 ALTER TABLE `course` DISABLE KEYS */;
INSERT INTO `course` VALUES (39,11,'Hardware','','',77,'2019-04-21 15:46:33','2019-08-14 21:02:20'),(40,11,'HTML: De Basis','Heb jij altijd al een website willen bouwen? Hier leer je het vanaf de bodem. Start met simpele dingen, en aan het einde kan je je eigen website bouwen.',NULL,30,'2019-04-21 15:46:58','2019-04-21 15:46:58'),(41,11,'CSS: De Basis','Leer alles over de opmaak vn een website; vanaf het beginpunt. Ben je klaar met de saaie standaard HTML pagina\'s? Schrijf je dan nu in.','Je moet HTML: De Basis gevolg hebben!',NULL,'2019-04-21 15:47:10','2019-04-21 15:47:10'),(42,14,'Grafieken','Leer hier alles over grafieken.',NULL,NULL,'2019-04-21 15:47:21','2019-04-21 15:47:21'),(43,14,'Meetkunde','Van driehoeken naar vierkanten, Stelling van Pythagoras en wet van Meuler, alles komt hier voorbij.',NULL,34,'2019-04-21 15:48:15','2019-04-21 15:48:15'),(44,11,'Object Georienteerd Programmeren','Java',NULL,NULL,NULL,NULL),(45,11,'Imperatief programmeren',NULL,NULL,NULL,NULL,NULL),(46,11,'Informatie Systemen',NULL,NULL,NULL,NULL,NULL),(47,11,'Propositionele Logica',NULL,NULL,NULL,NULL,NULL),(48,11,'Predicaten Logica',NULL,NULL,NULL,NULL,NULL),(49,11,'Computer Security',NULL,NULL,NULL,NULL,NULL),(50,11,'Linux: De Basis',NULL,NULL,NULL,NULL,NULL),(51,11,'Photoshop',NULL,NULL,NULL,NULL,NULL),(52,11,'Javascript',NULL,NULL,NULL,NULL,NULL),(53,11,'Microsoft Office',NULL,NULL,NULL,NULL,NULL),(54,11,'Functioneel Programmeren',NULL,NULL,NULL,NULL,NULL),(55,11,'Databases','','',5,NULL,'2019-08-16 13:53:37'),(56,11,'Processor Maken',NULL,NULL,NULL,NULL,NULL);
/*!40000 ALTER TABLE `course` ENABLE KEYS */;
UNLOCK TABLES;

--
-- Table structure for table `course_group`
--

DROP TABLE IF EXISTS `course_group`;
/*!40101 SET @saved_cs_client     = @@character_set_client */;
 SET character_set_client = utf8mb4 ;
CREATE TABLE `course_group` (
  `id` int(11) NOT NULL AUTO_INCREMENT,
  `courseId` int(11) NOT NULL,
  `day` varchar(45) DEFAULT NULL,
  `period` int(11) DEFAULT NULL,
  `schoolYear` varchar(45) DEFAULT NULL,
  `enrollableFor` mediumtext,
  `createdAt` datetime DEFAULT NULL,
  `updatedAt` datetime DEFAULT NULL,
  `status` varchar(45) DEFAULT 'active',
  `graphId` varchar(64) DEFAULT NULL,
  `teamUrl` varchar(45) DEFAULT NULL,
  PRIMARY KEY (`id`),
  UNIQUE KEY `id_UNIQUE` (`id`),
  KEY `groupToCourse_idx` (`courseId`),
  CONSTRAINT `course_group_ibfk_1` FOREIGN KEY (`courseId`) REFERENCES `course` (`id`)
) ENGINE=InnoDB AUTO_INCREMENT=98 DEFAULT CHARSET=utf8;
/*!40101 SET character_set_client = @saved_cs_client */;

--
-- Dumping data for table `course_group`
--

LOCK TABLES `course_group` WRITE;
/*!40000 ALTER TABLE `course_group` DISABLE KEYS */;
INSERT INTO `course_group` VALUES (77,39,'woensdag',4,'2019/2020','HAVO 4','2019-04-21 15:54:11','2019-08-15 14:30:48','active',NULL,NULL),(79,40,'maandag',1,'2019/2020','VWO 5, VWO 6','2019-04-21 16:04:17','2019-04-21 16:04:17','active',NULL,NULL),(80,41,'donderdag',2,'2019/2020','VWO 5, VWO 6','2019-04-21 16:04:20','2019-04-21 17:36:48','active',NULL,NULL),(81,42,'vrijdag',1,'2019/2020','Vwo 5','2019-04-21 16:04:24','2019-08-15 14:10:05','active',NULL,NULL),(82,43,'maandag',1,'2019/2020',NULL,'2019-04-21 16:04:27','2019-04-21 16:04:27','active',NULL,NULL),(83,39,'woensdag',2,'2019/2020','HAVO 4','2019-04-21 16:04:31','2019-04-21 16:05:35','active',NULL,NULL),(84,43,'maandag',2,'2019/2020',NULL,'2019-04-21 16:04:36','2019-04-21 16:04:36','active',NULL,NULL),(85,44,'dinsdag',3,'2019/2020','HAVO 5/VWO 5',NULL,NULL,'active',NULL,NULL),(86,45,'woensdag',4,'2019/2020','HAVO 5/VWO 5',NULL,NULL,'active',NULL,NULL),(87,46,'donderdag',1,'2019/2020','VWO 6',NULL,NULL,'active',NULL,NULL),(88,47,'vrijdag',2,'2019/2020','HAVO 4/VWO 4',NULL,NULL,'active',NULL,NULL),(89,48,'maandag',3,'2019/2020','HAVO 5/VWO 5',NULL,NULL,'active',NULL,NULL),(90,49,'dinsdag',4,'2019/2020','VWO 6',NULL,NULL,'active',NULL,NULL),(91,50,'woensdag',1,'2019/2020','HAVO 4/VWO 4',NULL,NULL,'active',NULL,NULL),(92,51,'donderdag',2,'2019/2020','HAVO 5/VWO 5',NULL,NULL,'active',NULL,NULL),(93,52,'vrijdag',3,'2019/2020','VWO 6',NULL,NULL,'active',NULL,NULL),(94,53,'maandag',4,'2019/2020','HAVO 4/VWO 4',NULL,NULL,'active',NULL,NULL),(95,54,'dinsdag',1,'2019/2020','HAVO 5/VWO 5',NULL,NULL,'active',NULL,NULL),(96,55,'woensdag',2,'2019/2020','HAVO 5/VWO 6',NULL,NULL,'active',NULL,NULL),(97,56,'donderdag',3,'2019/2020',NULL,NULL,NULL,'active',NULL,NULL);
/*!40000 ALTER TABLE `course_group` ENABLE KEYS */;
UNLOCK TABLES;

--
-- Table structure for table `enrollment`
--

DROP TABLE IF EXISTS `enrollment`;
/*!40101 SET @saved_cs_client     = @@character_set_client */;
 SET character_set_client = utf8mb4 ;
CREATE TABLE `enrollment` (
  `id` int(11) NOT NULL AUTO_INCREMENT,
  `userId` int(11) NOT NULL,
  `courseGroupId` int(11) NOT NULL,
  `accepted` varchar(45) DEFAULT 'true',
  `createdAt` datetime DEFAULT NULL,
  `updatedAt` datetime DEFAULT NULL,
  UNIQUE KEY `id_UNIQUE` (`id`),
  KEY `choiceToUserId_idx` (`userId`),
  KEY `enrollmentToGroupId_idx` (`courseGroupId`),
  CONSTRAINT `enrollment.ibfk_1` FOREIGN KEY (`courseGroupId`) REFERENCES `course_group` (`id`),
  CONSTRAINT `enrollment.ibfk_2` FOREIGN KEY (`userId`) REFERENCES `user_data` (`id`)
) ENGINE=InnoDB AUTO_INCREMENT=65 DEFAULT CHARSET=utf8;
/*!40101 SET character_set_client = @saved_cs_client */;

--
-- Dumping data for table `enrollment`
--

LOCK TABLES `enrollment` WRITE;
/*!40000 ALTER TABLE `enrollment` DISABLE KEYS */;
INSERT INTO `enrollment` VALUES (31,18,80,'true',NULL,NULL),(32,19,83,'true',NULL,NULL),(33,20,84,'true',NULL,NULL),(34,21,80,'true',NULL,NULL),(35,22,80,'true',NULL,NULL),(36,23,84,'true',NULL,NULL),(37,24,83,'true',NULL,NULL),(38,26,80,'true',NULL,NULL),(39,27,84,'true',NULL,NULL),(40,28,83,'true',NULL,NULL),(41,29,80,'true',NULL,NULL),(42,30,84,'true',NULL,NULL),(43,31,83,'true',NULL,NULL),(44,32,80,'true',NULL,NULL),(45,33,84,'true',NULL,NULL),(46,34,83,'true',NULL,NULL),(47,35,80,'true',NULL,NULL),(48,36,83,'true',NULL,NULL),(49,37,80,'true',NULL,NULL),(50,37,84,'true',NULL,NULL),(51,38,80,'true',NULL,NULL),(52,39,80,'true',NULL,NULL),(53,40,83,'true',NULL,NULL),(54,41,83,'true',NULL,NULL),(55,42,80,'true',NULL,NULL),(56,43,84,'true',NULL,NULL),(57,43,84,'true',NULL,NULL),(58,44,83,'true',NULL,NULL),(59,45,84,'true',NULL,NULL),(60,46,80,'true',NULL,NULL),(61,47,84,'true',NULL,NULL),(62,48,80,'true',NULL,NULL),(63,50,83,'true',NULL,NULL),(64,50,84,'true',NULL,NULL);
/*!40000 ALTER TABLE `enrollment` ENABLE KEYS */;
UNLOCK TABLES;

--
-- Table structure for table `evaluation`
--

DROP TABLE IF EXISTS `evaluation`;
/*!40101 SET @saved_cs_client     = @@character_set_client */;
 SET character_set_client = utf8mb4 ;
CREATE TABLE `evaluation` (
  `id` int(11) NOT NULL AUTO_INCREMENT,
  `userId` int(11) NOT NULL,
  `courseId` int(11) NOT NULL,
  `type` varchar(45) DEFAULT 'decimal',
  `assesment` varchar(45) DEFAULT NULL,
  `explanation` mediumtext,
  `createdAt` datetime DEFAULT NULL,
  `updatedAt` datetime DEFAULT NULL,
  `updatedByIp` varchar(45) DEFAULT NULL,
  `updatedByUserId` int(11) DEFAULT NULL,
  PRIMARY KEY (`id`,`userId`,`courseId`),
  KEY `evaluationToUser_idx` (`userId`),
  KEY `evaluationToCourse_idx` (`courseId`),
  KEY `evaluation_ibfk_3_idx` (`updatedByUserId`),
  CONSTRAINT `evaluation_ibfk_1` FOREIGN KEY (`userId`) REFERENCES `user_data` (`id`),
  CONSTRAINT `evaluation_ibfk_2` FOREIGN KEY (`courseId`) REFERENCES `course` (`id`),
  CONSTRAINT `evaluation_ibfk_3` FOREIGN KEY (`updatedByUserId`) REFERENCES `user_data` (`id`)
) ENGINE=InnoDB AUTO_INCREMENT=229 DEFAULT CHARSET=utf8;
/*!40101 SET character_set_client = @saved_cs_client */;

--
-- Dumping data for table `evaluation`
--

LOCK TABLES `evaluation` WRITE;
/*!40000 ALTER TABLE `evaluation` DISABLE KEYS */;
INSERT INTO `evaluation` VALUES (12,38,39,'decimal','8,7','','2019-04-21 16:31:51','2019-04-21 16:31:51','127.0.0.1',17),(13,23,39,'decimal','5,6','','2019-04-21 16:31:51','2019-04-21 16:31:51','127.0.0.1',17),(14,20,39,'decimal','8,7','','2019-04-21 16:31:51','2019-04-21 16:31:51','127.0.0.1',17),(15,44,39,'decimal','5,7','','2019-04-21 16:31:51','2019-04-21 16:31:51','127.0.0.1',17),(16,18,39,'decimal','9,4','','2019-04-21 16:31:51','2019-04-21 16:31:51','127.0.0.1',17),(17,28,39,'decimal','7,4','','2019-04-21 16:31:51','2019-04-21 16:31:51','127.0.0.1',17),(18,56,39,'decimal','9,3','','2019-04-21 16:31:51','2019-04-21 16:31:51','127.0.0.1',17),(19,55,39,'decimal','2,6','','2019-04-21 16:31:51','2019-04-21 16:31:51','127.0.0.1',17),(20,21,39,'decimal','7,3','','2019-04-21 16:31:51','2019-04-21 16:31:51','127.0.0.1',17),(21,51,39,'decimal','9,4','','2019-04-21 16:31:51','2019-04-21 16:31:51','127.0.0.1',17),(22,24,39,'decimal','7,3','','2019-04-21 16:31:51','2019-04-21 16:31:51','127.0.0.1',17),(23,52,39,'decimal','5,3','','2019-04-21 16:31:51','2019-04-21 16:31:51','127.0.0.1',17),(24,31,39,'decimal','9,5','','2019-04-21 16:31:51','2019-04-21 16:31:51','127.0.0.1',17),(25,34,39,'decimal','5,4','','2019-04-21 16:31:51','2019-04-21 16:31:51','127.0.0.1',17),(26,27,39,'decimal','5,6','','2019-04-21 16:31:51','2019-04-21 16:31:51','127.0.0.1',17),(27,47,39,'decimal','8,3','','2019-04-21 16:31:51','2019-04-21 16:31:51','127.0.0.1',17),(28,44,39,'decimal','','','2019-04-21 16:33:54','2019-04-21 16:33:54','127.0.0.1',17),(29,52,39,'decimal','','','2019-04-21 16:33:54','2019-04-21 16:33:54','127.0.0.1',17),(30,27,39,'decimal','','','2019-04-21 16:33:54','2019-04-21 16:33:54','127.0.0.1',17),(31,40,40,'decimal','7,6','','2019-04-21 16:35:57','2019-04-21 16:35:57','127.0.0.1',17),(32,48,40,'decimal','5.6','','2019-04-21 16:35:57','2019-04-21 16:35:57','127.0.0.1',17),(33,55,40,'decimal','7.4','','2019-04-21 16:35:57','2019-04-21 16:35:57','127.0.0.1',17),(34,26,40,'decimal','4.6','','2019-04-21 16:35:57','2019-04-21 16:35:57','127.0.0.1',17),(35,46,40,'decimal','4.6','','2019-04-21 16:35:57','2019-04-21 16:35:57','127.0.0.1',17),(36,36,40,'decimal','7.5','','2019-04-21 16:35:57','2019-04-21 16:35:57','127.0.0.1',17),(37,37,40,'decimal','2,6','','2019-04-21 16:35:57','2019-04-21 16:35:57','127.0.0.1',17),(38,22,40,'decimal','6,8','','2019-04-21 16:35:57','2019-04-21 16:35:57','127.0.0.1',17),(39,43,40,'decimal','8,6','','2019-04-21 16:35:57','2019-04-21 16:35:57','127.0.0.1',17),(40,18,40,'decimal','6,8','','2019-04-21 16:35:57','2019-04-21 16:35:57','127.0.0.1',17),(41,33,40,'decimal','8,9','','2019-04-21 16:35:57','2019-04-21 16:35:57','127.0.0.1',17),(42,45,40,'decimal','3,4','','2019-04-21 16:35:57','2019-04-21 16:35:57','127.0.0.1',17),(43,52,40,'decimal','4,7','','2019-04-21 16:35:57','2019-04-21 16:35:57','127.0.0.1',17),(44,29,40,'decimal','8,9','','2019-04-21 16:35:57','2019-04-21 16:35:57','127.0.0.1',17),(45,50,40,'decimal','5,4','','2019-04-21 16:35:57','2019-04-21 16:35:57','127.0.0.1',17),(46,48,40,'decimal','5,6','','2019-04-21 16:36:22','2019-04-21 16:36:22','127.0.0.1',17),(47,55,40,'decimal','7,4','','2019-04-21 16:36:22','2019-04-21 16:36:22','127.0.0.1',17),(48,26,40,'decimal','4,6','','2019-04-21 16:36:22','2019-04-21 16:36:22','127.0.0.1',17),(49,46,40,'decimal','4,6','','2019-04-21 16:36:22','2019-04-21 16:36:22','127.0.0.1',17),(50,36,40,'decimal','7,5','','2019-04-21 16:36:22','2019-04-21 16:36:22','127.0.0.1',17),(51,41,42,'decimal','6,4','','2019-04-21 16:37:12','2019-04-21 16:37:12','127.0.0.1',17),(52,48,42,'decimal','5,7','','2019-04-21 16:37:12','2019-04-21 16:37:12','127.0.0.1',17),(53,25,42,'decimal','7,5','','2019-04-21 16:37:12','2019-04-21 16:37:12','127.0.0.1',17),(54,26,42,'decimal','4,6','','2019-04-21 16:37:12','2019-04-21 16:37:12','127.0.0.1',17),(55,28,42,'decimal','7,5','','2019-04-21 16:37:12','2019-04-21 16:37:12','127.0.0.1',17),(56,57,42,'decimal','8,5','','2019-04-21 16:37:12','2019-04-21 16:37:12','127.0.0.1',17),(57,32,42,'decimal','7,5','','2019-04-21 16:37:12','2019-04-21 16:37:12','127.0.0.1',17),(58,53,42,'decimal','7,9','','2019-04-21 16:37:12','2019-04-21 16:37:12','127.0.0.1',17),(59,44,42,'decimal','7,9','','2019-04-21 16:37:12','2019-04-21 16:37:12','127.0.0.1',17),(60,35,42,'decimal','6,8','','2019-04-21 16:37:12','2019-04-21 16:37:12','127.0.0.1',17),(61,43,42,'decimal','6,8','','2019-04-21 16:37:12','2019-04-21 16:37:12','127.0.0.1',17),(62,42,42,'decimal','5,8','','2019-04-21 16:37:12','2019-04-21 16:37:12','127.0.0.1',17),(63,19,42,'decimal','3,4','','2019-04-21 16:37:12','2019-04-21 16:37:12','127.0.0.1',17),(64,56,42,'decimal','9,4','','2019-04-21 16:37:12','2019-04-21 16:37:12','127.0.0.1',17),(65,49,42,'decimal','6,5','','2019-04-21 16:37:12','2019-04-21 16:37:12','127.0.0.1',17),(66,33,42,'decimal','6,7','','2019-04-21 16:37:12','2019-04-21 16:37:12','127.0.0.1',17),(67,38,42,'decimal','7,8','','2019-04-21 16:37:12','2019-04-21 16:37:12','127.0.0.1',17),(68,29,42,'decimal','7,6','','2019-04-21 16:37:12','2019-04-21 16:37:12','127.0.0.1',17),(69,34,42,'decimal','7,4','','2019-04-21 16:37:12','2019-04-21 16:37:12','127.0.0.1',17),(70,50,42,'decimal','3,6','','2019-04-21 16:37:12','2019-04-21 16:37:12','127.0.0.1',17),(71,54,42,'decimal','6,5','','2019-04-21 16:37:12','2019-04-21 16:37:12','127.0.0.1',17),(72,40,43,'decimal','6,5','','2019-04-21 16:38:25','2019-04-21 16:38:25','127.0.0.1',17),(73,57,43,'decimal','7,5','','2019-04-21 16:38:25','2019-04-21 16:38:25','127.0.0.1',17),(74,46,43,'decimal','4,7','','2019-04-21 16:38:25','2019-04-21 16:38:25','127.0.0.1',17),(75,25,43,'decimal','8,5','','2019-04-21 16:38:25','2019-04-21 16:38:25','127.0.0.1',17),(76,37,43,'decimal','8,6','','2019-04-21 16:38:25','2019-04-21 16:38:25','127.0.0.1',17),(77,36,43,'decimal','4,6','','2019-04-21 16:38:25','2019-04-21 16:38:25','127.0.0.1',17),(78,32,43,'decimal','7,5','','2019-04-21 16:38:25','2019-04-21 16:38:25','127.0.0.1',17),(79,35,43,'decimal','3,6','','2019-04-21 16:38:25','2019-04-21 16:38:25','127.0.0.1',17),(80,22,43,'decimal','7,6','','2019-04-21 16:38:25','2019-04-21 16:38:25','127.0.0.1',17),(81,19,43,'decimal','8,5','','2019-04-21 16:38:25','2019-04-21 16:38:25','127.0.0.1',17),(82,42,43,'decimal','7,3','','2019-04-21 16:38:25','2019-04-21 16:38:25','127.0.0.1',17),(83,49,43,'decimal','8,5','','2019-04-21 16:38:25','2019-04-21 16:38:25','127.0.0.1',17),(84,51,43,'decimal','8,4','','2019-04-21 16:38:25','2019-04-21 16:38:25','127.0.0.1',17),(85,45,43,'decimal','7,8','','2019-04-21 16:38:25','2019-04-21 16:38:25','127.0.0.1',17),(86,31,43,'decimal','9,5','','2019-04-21 16:38:25','2019-04-21 16:38:25','127.0.0.1',17),(87,27,43,'decimal','5,7','','2019-04-21 16:38:25','2019-04-21 16:38:25','127.0.0.1',17),(88,41,43,'decimal','7,3','','2019-04-21 16:38:25','2019-04-21 16:38:25','127.0.0.1',17),(89,54,43,'decimal','3,7','','2019-04-21 16:38:25','2019-04-21 16:38:25','127.0.0.1',17),(90,47,43,'decimal','8,5','','2019-04-21 16:38:25','2019-04-21 16:38:25','127.0.0.1',17),(91,20,43,'decimal','8,0','','2019-04-21 16:38:25','2019-04-21 16:38:25','127.0.0.1',17),(92,38,39,'decimal','6,5','','2019-04-21 17:58:52','2019-04-21 17:58:52','127.0.0.1',17),(93,28,39,'decimal','7,6','','2019-04-21 17:58:52','2019-04-21 17:58:52','127.0.0.1',17),(94,44,39,'decimal','5,6','','2019-04-21 17:58:52','2019-04-21 17:58:52','127.0.0.1',17),(95,18,39,'decimal','8,3','','2019-04-21 17:58:52','2019-04-21 17:58:52','127.0.0.1',17),(96,56,39,'decimal','6,5','','2019-04-21 17:58:52','2019-04-21 17:58:52','127.0.0.1',17),(97,55,39,'decimal','4,5','','2019-04-21 17:58:52','2019-04-21 17:58:52','127.0.0.1',17),(98,51,39,'decimal','4,5','','2019-04-21 17:58:52','2019-04-21 17:58:52','127.0.0.1',17),(99,52,39,'decimal','9,5','','2019-04-21 17:58:52','2019-04-21 17:58:52','127.0.0.1',17),(100,31,39,'decimal','4,6','','2019-04-21 17:58:52','2019-04-21 17:58:52','127.0.0.1',17),(101,23,39,'decimal','7,5','','2019-04-21 17:58:52','2019-04-21 17:58:52','127.0.0.1',17),(102,34,39,'decimal','1,0','','2019-04-21 17:58:52','2019-04-21 17:58:52','127.0.0.1',17),(103,27,39,'decimal','5,7','','2019-04-21 17:58:52','2019-04-21 17:58:52','127.0.0.1',17),(104,47,39,'decimal','4,7','','2019-04-21 17:58:52','2019-04-21 17:58:52','127.0.0.1',17),(105,20,39,'decimal','6,7','','2019-04-21 17:58:52','2019-04-21 17:58:52','127.0.0.1',17),(106,34,39,'decimal','1,0','Niet aanwezig bij toets','2019-04-21 21:38:34','2019-04-21 21:38:34','127.0.0.1',17),(107,41,42,'decimal','5,4','','2019-04-21 21:48:48','2019-04-21 21:48:48','127.0.0.1',17),(108,57,42,'decimal','6,7','','2019-04-21 21:48:48','2019-04-21 21:48:48','127.0.0.1',17),(109,28,42,'decimal','7,7','','2019-04-21 21:48:48','2019-04-21 21:48:48','127.0.0.1',17),(110,25,42,'decimal','3,5','','2019-04-21 21:48:48','2019-04-21 21:48:48','127.0.0.1',17),(111,48,42,'decimal','7,6','','2019-04-21 21:48:48','2019-04-21 21:48:48','127.0.0.1',17),(112,26,42,'decimal','6,8','','2019-04-21 21:48:48','2019-04-21 21:48:48','127.0.0.1',17),(113,32,42,'decimal','6,6','','2019-04-21 21:48:48','2019-04-21 21:48:48','127.0.0.1',17),(114,53,42,'decimal','4,7','','2019-04-21 21:48:48','2019-04-21 21:48:48','127.0.0.1',17),(115,44,42,'decimal','8,5','','2019-04-21 21:48:48','2019-04-21 21:48:48','127.0.0.1',17),(116,35,42,'decimal','9,5','','2019-04-21 21:48:48','2019-04-21 21:48:48','127.0.0.1',17),(117,43,42,'decimal','6,9','','2019-04-21 21:48:48','2019-04-21 21:48:48','127.0.0.1',17),(118,21,42,'decimal','1,0','Niet aanwezig','2019-04-21 21:48:48','2019-04-21 21:48:48','127.0.0.1',17),(119,42,42,'decimal','4,7','','2019-04-21 21:48:48','2019-04-21 21:48:48','127.0.0.1',17),(120,19,42,'decimal','8,4','','2019-04-21 21:48:48','2019-04-21 21:48:48','127.0.0.1',17),(121,56,42,'decimal','6,7','','2019-04-21 21:48:48','2019-04-21 21:48:48','127.0.0.1',17),(122,49,42,'decimal','6,7','','2019-04-21 21:48:48','2019-04-21 21:48:48','127.0.0.1',17),(123,38,42,'decimal','4,5','','2019-04-21 21:48:48','2019-04-21 21:48:48','127.0.0.1',17),(124,34,42,'decimal','','Afgekeken: Nader te bespreken','2019-04-21 21:48:48','2019-04-21 21:48:48','127.0.0.1',17),(125,40,40,'decimal','5,6','','2019-04-21 21:51:08','2019-04-21 21:51:08','127.0.0.1',17),(126,48,40,'decimal','4,5','','2019-04-21 21:51:08','2019-04-21 21:51:08','127.0.0.1',17),(127,55,40,'decimal','7,5','','2019-04-21 21:51:08','2019-04-21 21:51:08','127.0.0.1',17),(128,26,40,'decimal','8,7','','2019-04-21 21:51:08','2019-04-21 21:51:08','127.0.0.1',17),(129,53,40,'decimal','5,7','','2019-04-21 21:51:08','2019-04-21 21:51:08','127.0.0.1',17),(130,36,40,'decimal','8,7','','2019-04-21 21:51:08','2019-04-21 21:51:08','127.0.0.1',17),(131,46,40,'decimal','8,7','','2019-04-21 21:51:08','2019-04-21 21:51:08','127.0.0.1',17),(132,37,40,'decimal','8,0','','2019-04-21 21:51:08','2019-04-21 21:51:08','127.0.0.1',17),(133,22,40,'decimal','9,0','','2019-04-21 21:51:08','2019-04-21 21:51:08','127.0.0.1',17),(134,43,40,'decimal','7,9','','2019-04-21 21:51:08','2019-04-21 21:51:08','127.0.0.1',17),(135,18,40,'decimal','6,9','','2019-04-21 21:51:08','2019-04-21 21:51:08','127.0.0.1',17),(136,33,40,'decimal','7,6','','2019-04-21 21:51:08','2019-04-21 21:51:08','127.0.0.1',17),(137,45,40,'decimal','5,8','','2019-04-21 21:51:08','2019-04-21 21:51:08','127.0.0.1',17),(138,24,40,'decimal','8,7','','2019-04-21 21:51:08','2019-04-21 21:51:08','127.0.0.1',17),(139,52,40,'decimal','6,7','','2019-04-21 21:51:08','2019-04-21 21:51:08','127.0.0.1',17),(140,29,40,'decimal','9,7','','2019-04-21 21:51:08','2019-04-21 21:51:08','127.0.0.1',17),(141,50,40,'decimal','6,7','','2019-04-21 21:51:08','2019-04-21 21:51:08','127.0.0.1',17),(142,40,43,'decimal','6,6','','2019-04-21 21:51:50','2019-04-21 21:51:50','127.0.0.1',17),(143,57,43,'decimal','4,5','','2019-04-21 21:51:50','2019-04-21 21:51:50','127.0.0.1',17),(144,46,43,'decimal','6,5','','2019-04-21 21:51:50','2019-04-21 21:51:50','127.0.0.1',17),(145,25,43,'decimal','5,6','','2019-04-21 21:51:50','2019-04-21 21:51:50','127.0.0.1',17),(146,37,43,'decimal','7,6','','2019-04-21 21:51:50','2019-04-21 21:51:50','127.0.0.1',17),(147,36,43,'decimal','5,6','','2019-04-21 21:51:50','2019-04-21 21:51:50','127.0.0.1',17),(148,32,43,'decimal','8,7','','2019-04-21 21:51:50','2019-04-21 21:51:50','127.0.0.1',17),(149,35,43,'decimal','8,8','','2019-04-21 21:51:50','2019-04-21 21:51:50','127.0.0.1',17),(150,22,43,'decimal','9,4','','2019-04-21 21:51:50','2019-04-21 21:51:50','127.0.0.1',17),(151,19,43,'decimal','3,5','','2019-04-21 21:51:50','2019-04-21 21:51:50','127.0.0.1',17),(152,42,43,'decimal','6,5','','2019-04-21 21:51:50','2019-04-21 21:51:50','127.0.0.1',17),(153,49,43,'decimal','5,5','','2019-04-21 21:51:50','2019-04-21 21:51:50','127.0.0.1',17),(154,51,43,'decimal','4,6','','2019-04-21 21:51:50','2019-04-21 21:51:50','127.0.0.1',17),(155,45,43,'decimal','7,5','','2019-04-21 21:51:50','2019-04-21 21:51:50','127.0.0.1',17),(156,31,43,'decimal','8,2','','2019-04-21 21:51:50','2019-04-21 21:51:50','127.0.0.1',17),(157,27,43,'decimal','2,4','','2019-04-21 21:51:50','2019-04-21 21:51:50','127.0.0.1',17),(158,41,43,'decimal','7,5','','2019-04-21 21:51:50','2019-04-21 21:51:50','127.0.0.1',17),(159,54,43,'decimal','7,2','','2019-04-21 21:51:50','2019-04-21 21:51:50','127.0.0.1',17),(160,47,43,'decimal','8,8','','2019-04-21 21:51:50','2019-04-21 21:51:50','127.0.0.1',17),(161,20,43,'decimal','6,8','','2019-04-21 21:51:50','2019-04-21 21:51:50','127.0.0.1',17),(162,38,39,'decimal','6,7','','2019-04-21 21:57:12','2019-04-21 21:57:12','127.0.0.1',17),(163,18,39,'decimal','5,4','','2019-04-21 21:57:12','2019-04-21 21:57:12','127.0.0.1',17),(164,21,39,'decimal','3,5','','2019-04-21 21:57:12','2019-04-21 21:57:12','127.0.0.1',17),(165,56,39,'decimal','7,6','','2019-04-21 21:57:12','2019-04-21 21:57:12','127.0.0.1',17),(166,55,39,'decimal','8,8','','2019-04-21 21:57:12','2019-04-21 21:57:12','127.0.0.1',17),(167,28,39,'decimal','6,7','','2019-04-21 21:57:12','2019-04-21 21:57:12','127.0.0.1',17),(168,44,39,'decimal','5,7','','2019-04-21 21:57:12','2019-04-21 21:57:12','127.0.0.1',17),(169,51,39,'decimal','8,6','','2019-04-21 21:57:12','2019-04-21 21:57:12','127.0.0.1',17),(170,24,39,'decimal','8,8','','2019-04-21 21:57:12','2019-04-21 21:57:12','127.0.0.1',17),(171,52,39,'decimal','7,6','','2019-04-21 21:57:12','2019-04-21 21:57:12','127.0.0.1',17),(172,31,39,'decimal','6,7','','2019-04-21 21:57:12','2019-04-21 21:57:12','127.0.0.1',17),(173,23,39,'decimal','5,6','','2019-04-21 21:57:12','2019-04-21 21:57:12','127.0.0.1',17),(174,34,39,'decimal','6,4','','2019-04-21 21:57:12','2019-04-21 21:57:12','127.0.0.1',17),(175,27,39,'decimal','5,7','','2019-04-21 21:57:12','2019-04-21 21:57:12','127.0.0.1',17),(176,47,39,'decimal','7,8','','2019-04-21 21:57:12','2019-04-21 21:57:12','127.0.0.1',17),(177,20,39,'decimal','6,7','','2019-04-21 21:57:12','2019-04-21 21:57:12','127.0.0.1',17),(178,40,40,'decimal','5,6','','2019-04-21 21:57:49','2019-04-21 21:57:49','127.0.0.1',17),(179,46,40,'decimal','5,6','','2019-04-21 21:57:49','2019-04-21 21:57:49','127.0.0.1',17),(180,36,40,'decimal','7,6','','2019-04-21 21:57:49','2019-04-21 21:57:49','127.0.0.1',17),(181,37,40,'decimal','5,4','','2019-04-21 21:57:49','2019-04-21 21:57:49','127.0.0.1',17),(182,22,40,'decimal','8,8','','2019-04-21 21:57:49','2019-04-21 21:57:49','127.0.0.1',17),(183,45,40,'decimal','5,6','','2019-04-21 21:57:49','2019-04-21 21:57:49','127.0.0.1',17),(184,24,40,'decimal','8,7','','2019-04-21 21:57:49','2019-04-21 21:57:49','127.0.0.1',17),(185,52,40,'decimal','8,9','','2019-04-21 21:57:49','2019-04-21 21:57:49','127.0.0.1',17),(186,29,40,'decimal','8,7','','2019-04-21 21:57:49','2019-04-21 21:57:49','127.0.0.1',17),(187,41,42,'check','failed','','2019-04-21 21:59:41','2019-04-21 21:59:41','127.0.0.1',17),(188,48,42,'check','passed','','2019-04-21 21:59:41','2019-04-21 21:59:41','127.0.0.1',17),(189,25,42,'check','passed','','2019-04-21 21:59:41','2019-04-21 21:59:41','127.0.0.1',17),(190,26,42,'check','passed','','2019-04-21 21:59:41','2019-04-21 21:59:41','127.0.0.1',17),(191,28,42,'check','ND','','2019-04-21 21:59:41','2019-04-21 21:59:41','127.0.0.1',17),(192,57,42,'check','passed','','2019-04-21 21:59:41','2019-04-21 21:59:41','127.0.0.1',17),(193,32,42,'check','passed','','2019-04-21 21:59:41','2019-04-21 21:59:41','127.0.0.1',17),(194,53,42,'check','failed','','2019-04-21 21:59:41','2019-04-21 21:59:41','127.0.0.1',17),(195,44,42,'check','','','2019-04-21 21:59:41','2019-04-21 21:59:41','127.0.0.1',17),(196,43,42,'check','passed','','2019-04-21 21:59:41','2019-04-21 21:59:41','127.0.0.1',17),(197,35,42,'check','passed','','2019-04-21 21:59:41','2019-04-21 21:59:41','127.0.0.1',17),(198,42,42,'check','passed','','2019-04-21 21:59:41','2019-04-21 21:59:41','127.0.0.1',17),(199,21,42,'check','passed','','2019-04-21 21:59:41','2019-04-21 21:59:41','127.0.0.1',17),(200,19,42,'check','passed','','2019-04-21 21:59:41','2019-04-21 21:59:41','127.0.0.1',17),(201,56,42,'check','passed','','2019-04-21 21:59:41','2019-04-21 21:59:41','127.0.0.1',17),(202,49,42,'check','failed','','2019-04-21 21:59:41','2019-04-21 21:59:41','127.0.0.1',17),(203,33,42,'check','passed','','2019-04-21 21:59:41','2019-04-21 21:59:41','127.0.0.1',17),(204,38,42,'check','passed','','2019-04-21 21:59:41','2019-04-21 21:59:41','127.0.0.1',17),(205,29,42,'check','ND','','2019-04-21 21:59:41','2019-04-21 21:59:41','127.0.0.1',17),(206,34,42,'check','ND','','2019-04-21 21:59:41','2019-04-21 21:59:41','127.0.0.1',17),(207,50,42,'check','passed','','2019-04-21 21:59:41','2019-04-21 21:59:41','127.0.0.1',17),(208,54,42,'check','failed','','2019-04-21 21:59:41','2019-04-21 21:59:41','127.0.0.1',17),(209,40,43,'stepwise','V','','2019-04-21 22:33:54','2019-04-21 22:33:54','127.0.0.1',17),(210,57,43,'stepwise','G','','2019-04-21 22:33:54','2019-04-21 22:33:54','127.0.0.1',17),(211,46,43,'stepwise','','','2019-04-21 22:33:54','2019-04-21 22:33:54','127.0.0.1',17),(212,25,43,'stepwise','O','','2019-04-21 22:33:54','2019-04-21 22:33:54','127.0.0.1',17),(213,37,43,'stepwise','G','','2019-04-21 22:33:54','2019-04-21 22:33:54','127.0.0.1',17),(214,36,43,'stepwise','','','2019-04-21 22:33:54','2019-04-21 22:33:54','127.0.0.1',17),(215,32,43,'stepwise','V','','2019-04-21 22:33:54','2019-04-21 22:33:54','127.0.0.1',17),(216,35,43,'stepwise','G','','2019-04-21 22:33:54','2019-04-21 22:33:54','127.0.0.1',17),(217,22,43,'stepwise','V','','2019-04-21 22:33:54','2019-04-21 22:33:54','127.0.0.1',17),(218,19,43,'stepwise','G','','2019-04-21 22:33:54','2019-04-21 22:33:54','127.0.0.1',17),(219,42,43,'stepwise','ND','','2019-04-21 22:33:54','2019-04-21 22:33:54','127.0.0.1',17),(220,49,43,'stepwise','O','','2019-04-21 22:33:54','2019-04-21 22:33:54','127.0.0.1',17),(221,51,43,'stepwise','O','','2019-04-21 22:33:54','2019-04-21 22:33:54','127.0.0.1',17),(222,45,43,'stepwise','O','','2019-04-21 22:33:54','2019-04-21 22:33:54','127.0.0.1',17),(223,31,43,'stepwise','G','','2019-04-21 22:33:54','2019-04-21 22:33:54','127.0.0.1',17),(224,27,43,'stepwise','V','','2019-04-21 22:33:54','2019-04-21 22:33:54','127.0.0.1',17),(225,41,43,'stepwise','G','','2019-04-21 22:33:54','2019-04-21 22:33:54','127.0.0.1',17),(226,54,43,'stepwise','V','','2019-04-21 22:33:54','2019-04-21 22:33:54','127.0.0.1',17),(227,47,43,'stepwise','G','','2019-04-21 22:33:54','2019-04-21 22:33:54','127.0.0.1',17),(228,20,43,'stepwise','V','','2019-04-21 22:33:54','2019-04-21 22:33:54','127.0.0.1',17);
/*!40000 ALTER TABLE `evaluation` ENABLE KEYS */;
UNLOCK TABLES;

--
-- Table structure for table `lesson`
--

DROP TABLE IF EXISTS `lesson`;
/*!40101 SET @saved_cs_client     = @@character_set_client */;
 SET character_set_client = utf8mb4 ;
CREATE TABLE `lesson` (
  `id` int(11) NOT NULL AUTO_INCREMENT,
  `courseGroupId` int(11) DEFAULT NULL,
  `date` date DEFAULT NULL,
  `kind` varchar(45) DEFAULT NULL,
  `activities` mediumtext,
  `numberInBlock` int(11) DEFAULT NULL,
  `subject` mediumtext,
  `presence` varchar(45) DEFAULT 'required',
  `createdAt` datetime DEFAULT NULL,
  `updatedAt` datetime DEFAULT NULL,
  PRIMARY KEY (`id`),
  UNIQUE KEY `id_UNIQUE` (`id`),
  KEY `lessonToGroupId_idx` (`courseGroupId`),
  CONSTRAINT `lesson_ibfk_1` FOREIGN KEY (`courseGroupId`) REFERENCES `course_group` (`id`)
) ENGINE=InnoDB AUTO_INCREMENT=2094 DEFAULT CHARSET=utf8;
/*!40101 SET character_set_client = @saved_cs_client */;

--
-- Dumping data for table `lesson`
--

LOCK TABLES `lesson` WRITE;
/*!40000 ALTER TABLE `lesson` DISABLE KEYS */;
INSERT INTO `lesson` VALUES (2022,77,'2019-04-03','Theorie',NULL,1,'Inleiding','required','2019-04-21 15:54:11','2019-08-15 14:30:48'),(2023,77,'2019-04-10','Theorie','Huiswerk t/m 8a af',2,'Hardware 1','optional','2019-04-21 15:54:11','2019-08-15 14:30:48'),(2024,77,'2019-04-17','Praktijk',NULL,3,'De Computer','required','2019-04-21 15:54:11','2019-08-15 14:30:48'),(2025,77,'2019-05-08',NULL,NULL,4,NULL,'optional','2019-04-21 15:54:11','2019-08-15 14:30:48'),(2026,77,'2019-05-15',NULL,NULL,5,NULL,'optional','2019-04-21 15:54:11','2019-08-15 14:30:48'),(2027,77,'2019-05-22',NULL,NULL,6,NULL,'optional','2019-04-21 15:54:11','2019-08-15 14:30:48'),(2028,77,'2019-05-29',NULL,NULL,7,NULL,'unrequired','2019-04-21 15:54:11','2019-08-15 14:30:48'),(2029,77,'2019-06-05',NULL,NULL,8,NULL,'unrequired','2019-04-21 15:54:11','2019-08-15 14:30:48'),(2030,77,'2019-06-12','Tentamen',NULL,9,'Hardware','required','2019-04-21 15:54:11','2019-08-15 14:30:48'),(2040,79,'2018-08-20',NULL,NULL,1,NULL,'required','2019-04-21 16:04:17','2019-04-21 16:04:17'),(2041,79,'2018-08-27',NULL,NULL,2,NULL,'required','2019-04-21 16:04:17','2019-04-21 16:04:17'),(2042,79,'2018-09-03',NULL,NULL,3,NULL,'required','2019-04-21 16:04:17','2019-04-21 16:04:17'),(2043,79,'2018-09-10',NULL,NULL,4,NULL,'required','2019-04-21 16:04:17','2019-04-21 16:04:17'),(2044,79,'2018-09-17',NULL,NULL,5,NULL,'required','2019-04-21 16:04:17','2019-04-21 16:04:17'),(2045,79,'2018-09-24',NULL,NULL,6,NULL,'required','2019-04-21 16:04:17','2019-04-21 16:04:17'),(2046,79,'2018-10-01',NULL,NULL,7,NULL,'required','2019-04-21 16:04:17','2019-04-21 16:04:17'),(2047,79,'2018-10-15',NULL,NULL,8,NULL,'required','2019-04-21 16:04:17','2019-04-21 16:04:17'),(2048,79,'2018-10-22',NULL,NULL,9,NULL,'required','2019-04-21 16:04:17','2019-04-21 16:04:17'),(2049,80,'2018-11-01',NULL,NULL,1,NULL,'required','2019-04-21 16:04:20','2019-04-21 17:36:48'),(2050,80,'2018-11-08',NULL,NULL,2,NULL,'required','2019-04-21 16:04:20','2019-04-21 17:36:48'),(2051,80,'2018-11-15',NULL,NULL,3,NULL,'required','2019-04-21 16:04:20','2019-04-21 17:36:48'),(2052,80,'2018-11-22',NULL,NULL,4,NULL,'required','2019-04-21 16:04:20','2019-04-21 17:36:48'),(2053,80,'2018-11-29',NULL,NULL,5,NULL,'required','2019-04-21 16:04:20','2019-04-21 17:36:48'),(2054,80,'2018-12-06',NULL,NULL,6,NULL,'required','2019-04-21 16:04:20','2019-04-21 17:36:48'),(2055,80,'2018-12-13',NULL,NULL,7,NULL,'required','2019-04-21 16:04:20','2019-04-21 17:36:48'),(2056,80,'2019-01-17',NULL,NULL,8,NULL,'required','2019-04-21 16:04:21','2019-04-21 17:36:48'),(2057,80,'2019-01-24',NULL,NULL,9,NULL,'required','2019-04-21 16:04:21','2019-04-21 17:36:48'),(2058,81,'2018-08-24','Theorie',NULL,1,'Grafieken: inleiding','required','2019-04-21 16:04:24','2019-08-15 14:10:05'),(2059,81,'2018-08-31','Theorie',NULL,2,'Grafieken 1.1','required','2019-04-21 16:04:24','2019-08-15 14:10:05'),(2060,81,'2018-09-07','Theorie',NULL,3,'Grafieken 1.2','required','2019-04-21 16:04:24','2019-08-15 14:10:05'),(2061,81,'2018-09-14','Theorie',NULL,4,'Grafieken 1.3','required','2019-04-21 16:04:24','2019-08-15 14:10:05'),(2062,81,'2018-09-21','Theorie',NULL,5,'Grafieken 2.1','required','2019-04-21 16:04:24','2019-08-15 14:10:05'),(2063,81,'2018-09-28','Theorie',NULL,6,'Grafieken 2.2','required','2019-04-21 16:04:24','2019-08-15 14:10:05'),(2064,81,'2018-10-05','Theorie',NULL,7,'Grafieken 3','required','2019-04-21 16:04:24','2019-08-15 14:10:05'),(2065,81,'2018-10-19','Theorie','Aanwezigheid is eigen keuze, maar zeker aan te raden!',8,'Grafieken: Recap','optional','2019-04-21 16:04:24','2019-08-15 14:10:05'),(2066,81,'2018-10-26','Tentamen',NULL,9,'Week 1 t/m 8','required','2019-04-21 16:04:24','2019-08-15 14:10:05'),(2067,82,'2018-08-20',NULL,NULL,1,NULL,'required','2019-04-21 16:04:27','2019-04-21 16:04:27'),(2068,82,'2018-08-27',NULL,NULL,2,NULL,'required','2019-04-21 16:04:27','2019-04-21 16:04:27'),(2069,82,'2018-09-03',NULL,NULL,3,NULL,'required','2019-04-21 16:04:27','2019-04-21 16:04:27'),(2070,82,'2018-09-10',NULL,NULL,4,NULL,'required','2019-04-21 16:04:27','2019-04-21 16:04:27'),(2071,82,'2018-09-17',NULL,NULL,5,NULL,'required','2019-04-21 16:04:27','2019-04-21 16:04:27'),(2072,82,'2018-09-24',NULL,NULL,6,NULL,'required','2019-04-21 16:04:27','2019-04-21 16:04:27'),(2073,82,'2018-10-01',NULL,NULL,7,NULL,'required','2019-04-21 16:04:27','2019-04-21 16:04:27'),(2074,82,'2018-10-15',NULL,NULL,8,NULL,'required','2019-04-21 16:04:27','2019-04-21 16:04:27'),(2075,82,'2018-10-22',NULL,NULL,9,NULL,'required','2019-04-21 16:04:27','2019-04-21 16:04:27'),(2076,83,'2018-10-31',NULL,NULL,1,NULL,'required','2019-04-21 16:04:31','2019-04-21 16:05:35'),(2077,83,'2018-11-07',NULL,NULL,2,NULL,'required','2019-04-21 16:04:31','2019-04-21 16:05:35'),(2078,83,'2018-11-14',NULL,NULL,3,NULL,'required','2019-04-21 16:04:31','2019-04-21 16:05:35'),(2079,83,'2018-11-21',NULL,NULL,4,NULL,'required','2019-04-21 16:04:31','2019-04-21 16:05:35'),(2080,83,'2018-11-28',NULL,NULL,5,NULL,'required','2019-04-21 16:04:31','2019-04-21 16:05:35'),(2081,83,'2018-12-05',NULL,NULL,6,NULL,'required','2019-04-21 16:04:31','2019-04-21 16:05:35'),(2082,83,'2018-12-12',NULL,NULL,7,NULL,'required','2019-04-21 16:04:31','2019-04-21 16:05:35'),(2083,83,'2019-01-16',NULL,NULL,8,NULL,'required','2019-04-21 16:04:31','2019-04-21 16:05:35'),(2084,83,'2019-01-23',NULL,NULL,9,NULL,'required','2019-04-21 16:04:31','2019-04-21 16:05:35'),(2085,84,'2018-08-20',NULL,NULL,1,NULL,'required','2019-04-21 16:04:36','2019-04-21 16:04:36'),(2086,84,'2018-08-27',NULL,NULL,2,NULL,'required','2019-04-21 16:04:36','2019-04-21 16:04:36'),(2087,84,'2018-09-03',NULL,NULL,3,NULL,'required','2019-04-21 16:04:36','2019-04-21 16:04:36'),(2088,84,'2018-09-10',NULL,NULL,4,NULL,'required','2019-04-21 16:04:36','2019-04-21 16:04:36'),(2089,84,'2018-09-17',NULL,NULL,5,NULL,'required','2019-04-21 16:04:36','2019-04-21 16:04:36'),(2090,84,'2018-09-24',NULL,NULL,6,NULL,'required','2019-04-21 16:04:36','2019-04-21 16:04:36'),(2091,84,'2018-10-01',NULL,NULL,7,NULL,'required','2019-04-21 16:04:36','2019-04-21 16:04:36'),(2092,84,'2018-10-15',NULL,NULL,8,NULL,'required','2019-04-21 16:04:36','2019-04-21 16:04:36'),(2093,84,'2018-10-22',NULL,NULL,9,NULL,'required','2019-04-21 16:04:36','2019-04-21 16:04:36');
/*!40000 ALTER TABLE `lesson` ENABLE KEYS */;
UNLOCK TABLES;

--
-- Table structure for table `loggedin`
--

DROP TABLE IF EXISTS `loggedin`;
/*!40101 SET @saved_cs_client     = @@character_set_client */;
 SET character_set_client = utf8mb4 ;
CREATE TABLE `loggedin` (
  `id` int(11) NOT NULL AUTO_INCREMENT,
  `userId` int(11) NOT NULL,
  `token` varchar(64) NOT NULL,
  `active` bit(1) DEFAULT NULL,
  `ip` varchar(45) DEFAULT NULL,
  `createdAt` datetime DEFAULT NULL,
  `updatedAt` datetime DEFAULT NULL,
  PRIMARY KEY (`id`),
  UNIQUE KEY `email_UNIQUE` (`token`),
  KEY `userId` (`userId`),
  CONSTRAINT `userId` FOREIGN KEY (`userId`) REFERENCES `user_data` (`id`)
) ENGINE=InnoDB AUTO_INCREMENT=92 DEFAULT CHARSET=utf8;
/*!40101 SET character_set_client = @saved_cs_client */;

--
-- Dumping data for table `loggedin`
--

LOCK TABLES `loggedin` WRITE;
/*!40000 ALTER TABLE `loggedin` DISABLE KEYS */;
INSERT INTO `loggedin` VALUES (43,13,'c1b34166-5702-4c07-b64a-3ae4c9934047',_binary '\0','213.127.243.178','2018-08-17 11:52:03',NULL),(44,13,'ddd3b539-fc98-4a79-aa89-81ed19553b83',_binary '\0','194.171.170.16','2018-08-28 10:50:14',NULL),(45,13,'2e2419ef-6ae5-4d29-a2d3-8f50e499cc84',_binary '\0','213.127.243.178','2018-08-31 13:33:12',NULL),(46,13,'db9c835a-f064-4e1e-af27-4cb675e3dd07',_binary '\0','213.127.243.178','2018-09-08 10:20:23',NULL),(47,13,'376894c7-99cc-42ea-a180-80abf2c0cdc8',_binary '\0','213.127.243.178','2018-09-09 19:45:14',NULL),(48,13,'3da28fc8-60c3-496c-b7ae-6735ddaf5fb0',_binary '','213.127.243.178','2018-09-29 15:34:19',NULL),(49,16,'28c68f16-9daf-4850-9d8a-faf69722d73b',_binary '\0','213.127.243.178','2018-10-07 21:13:00',NULL),(50,17,'bee90d22-9e6d-4e91-912f-f551e6c1530c',_binary '\0','213.127.243.178','2018-10-21 21:13:36','2018-12-28 09:14:44'),(51,16,'ce8e6a12-037f-482c-a8e9-d69b12b60d1c',_binary '\0','213.127.243.178','2018-10-21 21:15:03',NULL),(52,17,'3f96ef13-bba0-49bd-aaa9-3ab8e1bdd84f',_binary '\0','213.127.243.178','2018-10-21 21:36:45','2018-12-28 09:14:44'),(53,16,'3b5de797-b5de-4fd6-9d4a-b55eac1174e6',_binary '\0','213.127.243.178','2018-10-21 21:45:20',NULL),(54,17,'96ec552a-02c5-4745-a040-3fdf2e6841e3',_binary '\0','213.127.243.178','2018-10-21 21:49:15','2018-12-28 09:14:44'),(55,17,'4ca0481a-338e-4938-9cbb-fcc32b48a44c',_binary '\0','213.127.243.178','2018-10-25 20:04:04','2018-12-28 09:14:44'),(56,17,'459257d9-2ea5-4d4d-8d91-c0320d876729',_binary '\0','213.127.243.178','2018-10-25 20:17:20','2018-12-28 09:14:44'),(57,17,'9944bf33-76da-4971-8ada-7380e87c3e8d',_binary '\0','213.127.243.178','2018-10-25 20:22:46','2018-12-28 09:14:44'),(58,17,'7d819bbe-2142-41ac-aade-575e4458ac34',_binary '\0','213.127.243.178','2018-10-25 20:33:02','2018-12-28 09:14:44'),(59,17,'921a758b-270b-49c2-b6a2-36c9da36b0c9',_binary '\0','213.127.243.178','2018-11-03 11:36:21','2018-12-28 09:14:44'),(60,17,'b459b337-1d18-4023-bdbe-4c6efbaa0a2c',_binary '\0','213.127.243.178','2018-11-03 11:46:32','2018-12-28 09:14:44'),(61,16,'9dac4dc0-c98e-4a29-bc86-b3212c0ec7d0',_binary '\0','213.127.243.178','2018-11-03 12:52:20',NULL),(62,17,'bc62df2e-6448-4842-b00a-1dc89662591e',_binary '\0','213.127.243.178','2018-11-03 12:54:13','2018-12-28 09:14:44'),(63,17,'e97ba84a-adc0-49ca-baff-a680af906623',_binary '\0','213.127.243.178','2018-11-10 17:00:00','2018-12-28 09:14:44'),(64,17,'cfa4eca7-06b8-4771-8299-bdd140d04d06',_binary '\0','213.127.243.178','2018-11-17 17:07:16','2018-12-28 09:14:44'),(65,17,'e24f9a79-76f0-4566-91e3-ab90a96eea17',_binary '\0','213.127.243.178','2018-11-17 17:42:37','2018-12-28 09:14:44'),(66,16,'b5cf6bb1-4a5e-4480-9381-e9d905b1af28',_binary '\0','213.127.243.178','2018-11-17 19:55:18',NULL),(67,17,'c0df13ed-ed84-4a9e-ae7c-ff187b3acec1',_binary '\0','213.127.243.178','2018-11-18 09:38:48','2018-12-28 09:14:44'),(68,17,'efb089a9-ffb8-4537-bc13-4511a1005316',_binary '\0','213.127.243.178','2018-11-18 10:49:33','2018-12-28 09:14:44'),(69,16,'271687d5-a659-4840-ad20-9d8cf28ad03f',_binary '\0','213.127.243.178','2018-11-18 11:12:57',NULL),(70,17,'c6aea87f-868f-4c20-9fd4-40e6aee64a01',_binary '\0','213.127.243.178','2018-11-18 11:21:19','2018-12-28 09:14:44'),(71,16,'ced7077c-93c5-4e82-8bce-51bd1e4a192d',_binary '\0','213.127.243.178','2018-11-18 11:22:01',NULL),(72,17,'93f31d80-23f6-4e2b-bb5f-3c9b23893a7b',_binary '\0','213.127.243.178','2018-11-18 11:26:29','2018-12-28 09:14:44'),(73,16,'e03fc855-2307-48d3-bf99-aa3b30a1585b',_binary '\0','213.127.243.178','2018-11-18 11:32:53',NULL),(74,17,'828c71f0-fe9a-43fa-a225-3a7cc001620a',_binary '\0','213.127.243.178','2018-11-22 20:31:43','2018-12-28 09:14:44'),(75,17,'9f6977e2-7d58-45ec-8a0f-345ba2a8f3f3',_binary '\0','213.127.243.178','2018-11-22 20:32:40','2018-12-28 09:14:44'),(76,16,'3ae183ce-ecf1-45f8-b31b-b8dfc20c8dff',_binary '\0','213.127.243.178','2018-11-30 20:47:17',NULL),(77,17,'3f2fe9f9-6049-40c3-afac-ede61e57e3ab',_binary '\0','213.127.243.178','2018-11-30 21:33:41','2018-12-28 09:14:44'),(78,16,'fd474074-73e6-4819-a1c8-6a2b1b23af02',_binary '\0','213.127.243.178','2018-12-02 14:57:59',NULL),(79,17,'1357db9f-0351-4272-a20a-4f88d613439c',_binary '\0','213.127.243.178','2018-12-04 20:10:11','2018-12-28 09:14:44'),(80,17,'414f063c-ede4-4cab-8018-7d82457d22e6',_binary '\0','213.127.243.178','2018-12-05 15:22:55','2018-12-28 09:14:44'),(81,16,'1d6d83ed-97b0-46eb-929e-02ecfa7d9495',_binary '\0','213.127.243.178','2018-12-05 17:00:13',NULL),(82,17,'51ee2386-318e-405c-a668-f2770c738b4c',_binary '\0','213.127.243.178','2018-12-05 17:13:33','2018-12-28 09:14:44'),(83,16,'4504ba9c-a5fb-4de4-b8f1-97993b21ceb5',_binary '','213.127.243.178','2018-12-09 10:13:13',NULL),(84,17,'ca5a28e1-0c86-40c6-bf8b-cdbf6a3d844e',_binary '\0','213.127.243.178','2018-12-09 10:18:57','2018-12-28 09:14:44'),(89,18,'22c1527a-24db-4020-b255-0ea857c96a40',_binary '','213.127.243.178','2018-12-27 15:43:19','2018-12-27 15:43:19'),(90,17,'f21ed175-bd53-43eb-8c37-edc2b7ac3fe1',_binary '\0','213.127.243.178','2018-12-27 15:45:18','2018-12-28 09:14:44'),(91,17,'2cf33a3f-860e-4ac7-b745-b9bdbb7693f0',_binary '','213.127.243.178','2018-12-28 09:14:44','2018-12-28 09:14:44');
/*!40000 ALTER TABLE `loggedin` ENABLE KEYS */;
UNLOCK TABLES;

--
-- Table structure for table `notification`
--

DROP TABLE IF EXISTS `notification`;
/*!40101 SET @saved_cs_client     = @@character_set_client */;
 SET character_set_client = utf8mb4 ;
CREATE TABLE `notification` (
  `id` int(11) NOT NULL AUTO_INCREMENT,
  `priority` text,
  `scope` text,
  `message` text,
  `type` text,
  `createdAt` datetime NOT NULL,
  `updatedAt` datetime NOT NULL,
  `userId` int(11) DEFAULT NULL,
  PRIMARY KEY (`id`),
  KEY `userId` (`userId`),
  CONSTRAINT `notification_ibfk_1` FOREIGN KEY (`userId`) REFERENCES `user_data` (`id`) ON DELETE SET NULL ON UPDATE CASCADE
) ENGINE=InnoDB DEFAULT CHARSET=utf8;
/*!40101 SET character_set_client = @saved_cs_client */;

--
-- Dumping data for table `notification`
--

LOCK TABLES `notification` WRITE;
/*!40000 ALTER TABLE `notification` DISABLE KEYS */;
/*!40000 ALTER TABLE `notification` ENABLE KEYS */;
UNLOCK TABLES;

--
-- Table structure for table `notifications`
--

DROP TABLE IF EXISTS `notifications`;
/*!40101 SET @saved_cs_client     = @@character_set_client */;
 SET character_set_client = utf8mb4 ;
CREATE TABLE `notifications` (
  `id` int(11) NOT NULL AUTO_INCREMENT,
  `userId` int(11) NOT NULL,
  `priority` varchar(45) NOT NULL,
  `scope` varchar(128) NOT NULL,
  `message` mediumtext,
  `type` varchar(45) DEFAULT NULL,
  PRIMARY KEY (`id`,`userId`),
  UNIQUE KEY `id_UNIQUE` (`id`)
) ENGINE=InnoDB DEFAULT CHARSET=utf8;
/*!40101 SET character_set_client = @saved_cs_client */;

--
-- Dumping data for table `notifications`
--

LOCK TABLES `notifications` WRITE;
/*!40000 ALTER TABLE `notifications` DISABLE KEYS */;
/*!40000 ALTER TABLE `notifications` ENABLE KEYS */;
UNLOCK TABLES;

--
-- Table structure for table `participant`
--

DROP TABLE IF EXISTS `participant`;
/*!40101 SET @saved_cs_client     = @@character_set_client */;
 SET character_set_client = utf8mb4 ;
CREATE TABLE `participant` (
  `id` int(11) NOT NULL AUTO_INCREMENT,
  `userId` int(11) NOT NULL,
  `courseGroupId` int(11) NOT NULL,
  `participatingRole` varchar(45) DEFAULT 'student',
  `status` varchar(45) NOT NULL DEFAULT 'active',
  `createdAt` datetime DEFAULT NULL,
  `updatedAt` datetime DEFAULT NULL,
  PRIMARY KEY (`id`),
  UNIQUE KEY `id_UNIQUE` (`id`),
  KEY `attendeeToGroupId_idx` (`courseGroupId`),
  KEY `attendeeToUserId_idx` (`userId`),
  CONSTRAINT `attendeeToGroupId` FOREIGN KEY (`courseGroupId`) REFERENCES `course_group` (`id`),
  CONSTRAINT `attendeeToUserId` FOREIGN KEY (`userId`) REFERENCES `user_data` (`id`)
) ENGINE=InnoDB AUTO_INCREMENT=91 DEFAULT CHARSET=utf8;
/*!40101 SET character_set_client = @saved_cs_client */;

--
-- Dumping data for table `participant`
--

LOCK TABLES `participant` WRITE;
/*!40000 ALTER TABLE `participant` DISABLE KEYS */;
INSERT INTO `participant` VALUES (11,18,77,'student','active',NULL,NULL),(12,18,79,'student','active',NULL,NULL),(15,19,81,'student','active',NULL,NULL),(16,19,82,'student','active',NULL,NULL),(17,20,77,'student','active',NULL,NULL),(18,20,82,'student','active',NULL,NULL),(19,21,77,'student','active',NULL,NULL),(20,21,81,'student','active',NULL,NULL),(21,22,79,'student','active',NULL,NULL),(22,22,82,'student','active',NULL,NULL),(23,24,77,'student','active',NULL,NULL),(24,24,79,'student','active',NULL,NULL),(25,25,81,'student','active',NULL,NULL),(26,25,82,'student','active',NULL,NULL),(27,26,79,'student','active',NULL,NULL),(28,26,81,'student','active',NULL,NULL),(29,27,77,'student','active',NULL,NULL),(30,27,82,'student','active',NULL,NULL),(31,28,77,'student','active',NULL,NULL),(32,28,81,'student','active',NULL,NULL),(33,29,79,'student','active',NULL,NULL),(34,29,81,'student','active',NULL,NULL),(35,31,77,'student','active',NULL,NULL),(36,31,82,'student','active',NULL,NULL),(37,32,81,'student','active',NULL,NULL),(38,32,82,'student','active',NULL,NULL),(39,33,79,'student','active',NULL,NULL),(40,33,81,'student','active',NULL,NULL),(41,34,77,'student','active',NULL,NULL),(42,34,81,'student','active',NULL,NULL),(43,35,81,'student','active',NULL,NULL),(44,35,82,'student','active',NULL,NULL),(45,36,79,'student','active',NULL,NULL),(46,36,82,'student','active',NULL,NULL),(47,37,79,'student','active',NULL,NULL),(48,37,82,'student','active',NULL,NULL),(49,38,77,'student','active',NULL,NULL),(50,38,81,'student','active',NULL,NULL),(51,40,79,'student','active',NULL,NULL),(52,40,82,'student','active',NULL,NULL),(53,41,81,'student','active',NULL,NULL),(54,41,82,'student','active',NULL,NULL),(55,42,81,'student','active',NULL,NULL),(56,42,82,'student','active',NULL,NULL),(57,43,79,'student','active',NULL,NULL),(58,43,81,'student','active',NULL,NULL),(59,44,77,'student','active',NULL,NULL),(60,44,81,'student','active',NULL,NULL),(61,45,79,'student','active',NULL,NULL),(62,45,82,'student','active',NULL,NULL),(63,46,79,'student','active',NULL,NULL),(64,46,82,'student','active',NULL,NULL),(65,47,77,'student','active',NULL,NULL),(66,47,82,'student','active',NULL,NULL),(67,49,81,'student','active',NULL,NULL),(68,49,82,'student','active',NULL,NULL),(69,50,79,'student','active',NULL,NULL),(70,50,81,'student','active',NULL,NULL),(71,51,77,'student','active',NULL,NULL),(72,51,82,'student','active',NULL,NULL),(73,52,77,'student','active',NULL,NULL),(74,52,79,'student','active',NULL,NULL),(75,53,81,'student','active',NULL,NULL),(76,53,79,'student','active',NULL,NULL),(77,54,81,'student','active',NULL,NULL),(78,54,82,'student','active',NULL,NULL),(79,55,79,'student','active',NULL,NULL),(80,55,77,'student','active',NULL,NULL),(81,56,77,'student','active',NULL,NULL),(82,56,81,'student','active',NULL,NULL),(83,57,81,'student','active',NULL,NULL),(84,57,82,'student','active',NULL,NULL),(85,48,79,'student','active',NULL,NULL),(86,48,81,'student','active',NULL,NULL),(87,23,77,'student','active',NULL,NULL),(90,17,81,'teacher','active',NULL,NULL);
/*!40000 ALTER TABLE `participant` ENABLE KEYS */;
UNLOCK TABLES;

--
-- Table structure for table `presence`
--

DROP TABLE IF EXISTS `presence`;
/*!40101 SET @saved_cs_client     = @@character_set_client */;
 SET character_set_client = utf8mb4 ;
CREATE TABLE `presence` (
  `id` int(11) NOT NULL AUTO_INCREMENT,
  `lessonId` int(11) NOT NULL,
  `userId` int(11) NOT NULL,
  `status` varchar(45) DEFAULT 'present',
  `explanation` mediumtext,
  `createdAt` datetime DEFAULT NULL,
  `updatedAt` datetime DEFAULT NULL,
  `userStatus` varchar(45) NOT NULL DEFAULT 'present',
  PRIMARY KEY (`id`),
  UNIQUE KEY `id_UNIQUE` (`id`),
  KEY `lesson_idx` (`lessonId`),
  KEY `student_idx` (`userId`),
  CONSTRAINT `presence_ibfk_1` FOREIGN KEY (`userId`) REFERENCES `user_data` (`id`),
  CONSTRAINT `presence_ibfk_2` FOREIGN KEY (`lessonId`) REFERENCES `lesson` (`id`)
) ENGINE=InnoDB AUTO_INCREMENT=740 DEFAULT CHARSET=utf8;
/*!40101 SET character_set_client = @saved_cs_client */;

--
-- Dumping data for table `presence`
--

LOCK TABLES `presence` WRITE;
/*!40000 ALTER TABLE `presence` DISABLE KEYS */;
INSERT INTO `presence` VALUES (72,2022,18,'absent',NULL,NULL,NULL,'absent'),(73,2023,18,'present',NULL,NULL,NULL,'present'),(74,2024,18,'absent',NULL,NULL,NULL,'absent'),(75,2025,18,'present',NULL,NULL,NULL,'present'),(76,2026,18,'present',NULL,NULL,NULL,'present'),(77,2027,18,'absent',NULL,NULL,NULL,'absent'),(78,2028,18,'present',NULL,NULL,NULL,'present'),(79,2029,18,'present',NULL,NULL,NULL,'present'),(80,2030,18,'present',NULL,NULL,NULL,'present'),(81,2022,20,'absent',NULL,NULL,NULL,'absent'),(82,2023,20,'present',NULL,NULL,NULL,'present'),(83,2024,20,'present',NULL,NULL,NULL,'present'),(84,2025,20,'absent',NULL,NULL,NULL,'absent'),(85,2026,20,'present',NULL,NULL,NULL,'present'),(86,2027,20,'present',NULL,NULL,NULL,'present'),(87,2028,20,'present',NULL,NULL,NULL,'present'),(88,2029,20,'absent',NULL,NULL,NULL,'absent'),(89,2030,20,'present',NULL,NULL,NULL,'present'),(90,2030,28,'present',NULL,NULL,NULL,'present'),(91,2030,28,'absent',NULL,NULL,NULL,'absent'),(92,2022,21,'present',NULL,NULL,NULL,'present'),(93,2023,21,'present',NULL,NULL,NULL,'present'),(94,2024,21,'absent',NULL,NULL,NULL,'absent'),(95,2025,21,'present',NULL,NULL,NULL,'present'),(96,2026,21,'present',NULL,NULL,NULL,'present'),(97,2027,21,'absent',NULL,NULL,NULL,'absent'),(98,2028,21,'present',NULL,NULL,NULL,'present'),(99,2029,21,'present',NULL,NULL,NULL,'present'),(100,2030,21,'absent',NULL,NULL,NULL,'absent'),(101,2022,24,'present',NULL,NULL,NULL,'present'),(102,2023,24,'present',NULL,NULL,NULL,'present'),(103,2024,24,'absent',NULL,NULL,NULL,'absent'),(104,2025,24,'present',NULL,NULL,NULL,'present'),(105,2026,24,'present',NULL,NULL,NULL,'present'),(106,2027,24,'absent',NULL,NULL,NULL,'absent'),(107,2028,24,'present',NULL,NULL,NULL,'present'),(108,2029,24,'absent',NULL,NULL,NULL,'absent'),(109,2030,24,'present',NULL,NULL,NULL,'present'),(110,2022,27,'absent',NULL,NULL,NULL,'absent'),(111,2023,27,'present',NULL,NULL,NULL,'present'),(112,2024,27,'absent',NULL,NULL,NULL,'absent'),(113,2025,27,'present',NULL,NULL,NULL,'present'),(114,2026,27,'absent',NULL,NULL,NULL,'absent'),(115,2027,27,'present',NULL,NULL,NULL,'present'),(116,2028,27,'absent',NULL,NULL,NULL,'absent'),(117,2029,27,'present',NULL,NULL,NULL,'present'),(118,2030,27,'absent',NULL,NULL,NULL,'absent'),(119,2022,28,'present',NULL,NULL,NULL,'present'),(120,2023,28,'absent',NULL,NULL,NULL,'absent'),(121,2024,28,'present',NULL,NULL,NULL,'present'),(122,2025,28,'absent',NULL,NULL,NULL,'absent'),(123,2026,28,'present',NULL,NULL,NULL,'present'),(124,2027,28,'absent',NULL,NULL,NULL,'absent'),(125,2028,28,'present',NULL,NULL,NULL,'present'),(126,2029,28,'absent',NULL,NULL,NULL,'absent'),(127,2030,28,'absent',NULL,NULL,NULL,'absent'),(128,2022,31,'absent',NULL,NULL,NULL,'absent'),(129,2023,31,'present',NULL,NULL,NULL,'present'),(130,2024,31,'absent',NULL,NULL,NULL,'absent'),(131,2025,31,'present',NULL,NULL,NULL,'present'),(132,2026,31,'absent',NULL,NULL,NULL,'absent'),(133,2027,31,'present',NULL,NULL,NULL,'present'),(134,2028,31,'absent',NULL,NULL,NULL,'absent'),(135,2029,31,'present',NULL,NULL,NULL,'present'),(136,2030,31,'absent',NULL,NULL,NULL,'absent'),(137,2022,34,'present',NULL,NULL,NULL,'present'),(138,2023,34,'absent',NULL,NULL,NULL,'absent'),(139,2024,34,'absent',NULL,NULL,NULL,'absent'),(140,2025,34,'present',NULL,NULL,NULL,'present'),(141,2026,34,'absent',NULL,NULL,NULL,'absent'),(142,2027,34,'present',NULL,NULL,NULL,'present'),(143,2028,34,'absent',NULL,NULL,NULL,'absent'),(144,2029,34,'absent',NULL,NULL,NULL,'absent'),(145,2030,34,'absent',NULL,NULL,NULL,'absent'),(146,2022,38,'absent',NULL,NULL,NULL,'absent'),(147,2023,38,'present',NULL,NULL,NULL,'present'),(148,2024,38,'present',NULL,NULL,NULL,'present'),(149,2025,38,'present',NULL,NULL,NULL,'present'),(150,2026,38,'present',NULL,NULL,NULL,'present'),(151,2027,38,'present',NULL,NULL,NULL,'present'),(152,2028,38,'present',NULL,NULL,NULL,'present'),(153,2029,38,'present',NULL,NULL,NULL,'present'),(154,2030,38,'present',NULL,NULL,NULL,'present'),(155,2022,44,'present',NULL,NULL,NULL,'present'),(156,2023,44,'present',NULL,NULL,NULL,'present'),(157,2024,44,'present',NULL,NULL,NULL,'present'),(158,2025,44,'present',NULL,NULL,NULL,'present'),(159,2026,44,'absent',NULL,NULL,NULL,'absent'),(160,2027,44,'present',NULL,NULL,NULL,'present'),(161,2028,44,'present',NULL,NULL,NULL,'present'),(162,2029,44,'present',NULL,NULL,NULL,'present'),(163,2030,44,'present',NULL,NULL,NULL,'present'),(164,2022,47,'present',NULL,NULL,NULL,'present'),(165,2023,47,'present',NULL,NULL,NULL,'present'),(166,2024,47,'present',NULL,NULL,NULL,'present'),(167,2025,47,'present',NULL,NULL,NULL,'present'),(168,2026,47,'absent',NULL,NULL,NULL,'absent'),(169,2027,47,'present',NULL,NULL,NULL,'present'),(170,2028,47,'present',NULL,NULL,NULL,'present'),(171,2029,47,'present',NULL,NULL,NULL,'present'),(172,2030,47,'present',NULL,NULL,NULL,'present'),(173,2022,51,'present',NULL,NULL,NULL,'present'),(174,2023,51,'present',NULL,NULL,NULL,'present'),(175,2024,51,'present',NULL,NULL,NULL,'present'),(176,2025,51,'present',NULL,NULL,NULL,'present'),(177,2026,51,'present',NULL,NULL,NULL,'present'),(178,2027,51,'present',NULL,NULL,NULL,'present'),(179,2028,51,'present',NULL,NULL,NULL,'present'),(180,2029,51,'present',NULL,NULL,NULL,'present'),(181,2030,51,'present',NULL,NULL,NULL,'present'),(182,2022,52,'present',NULL,NULL,NULL,'present'),(183,2023,52,'absent',NULL,NULL,NULL,'absent'),(184,2024,52,'present',NULL,NULL,NULL,'present'),(185,2025,52,'present',NULL,NULL,NULL,'present'),(186,2026,52,'present',NULL,NULL,NULL,'present'),(187,2027,52,'present',NULL,NULL,NULL,'present'),(188,2028,52,'present',NULL,NULL,NULL,'present'),(189,2029,52,'present',NULL,NULL,NULL,'present'),(190,2030,52,'present',NULL,NULL,NULL,'present'),(191,2022,55,'present',NULL,NULL,NULL,'present'),(192,2023,55,'present',NULL,NULL,NULL,'present'),(193,2024,55,'present',NULL,NULL,NULL,'present'),(194,2025,55,'present',NULL,NULL,NULL,'present'),(195,2026,55,'present',NULL,NULL,NULL,'present'),(196,2027,55,'present',NULL,NULL,NULL,'present'),(197,2028,55,'present',NULL,NULL,NULL,'present'),(198,2029,55,'absent',NULL,NULL,NULL,'absent'),(199,2030,55,'present',NULL,NULL,NULL,'present'),(200,2022,56,'present',NULL,NULL,NULL,'present'),(201,2023,56,'present',NULL,NULL,NULL,'present'),(202,2024,56,'present',NULL,NULL,NULL,'present'),(203,2025,56,'present',NULL,NULL,NULL,'present'),(204,2026,56,'present',NULL,NULL,NULL,'present'),(205,2027,56,'present',NULL,NULL,NULL,'present'),(206,2028,56,'present',NULL,NULL,NULL,'present'),(207,2029,56,'present',NULL,NULL,NULL,'present'),(208,2030,56,'present',NULL,NULL,NULL,'present'),(209,2022,23,'present',NULL,NULL,NULL,'present'),(210,2023,23,'present',NULL,NULL,NULL,'present'),(211,2024,23,'present',NULL,NULL,NULL,'present'),(212,2025,23,'present',NULL,NULL,NULL,'present'),(213,2026,23,'present',NULL,NULL,NULL,'present'),(214,2027,23,'present',NULL,NULL,NULL,'present'),(215,2028,23,'present',NULL,NULL,NULL,'present'),(216,2029,23,'present',NULL,NULL,NULL,'present'),(217,2030,23,'present',NULL,NULL,NULL,'present'),(218,2040,18,'present',NULL,NULL,NULL,'present'),(219,2041,18,'present',NULL,NULL,NULL,'present'),(220,2042,18,'absent',NULL,NULL,NULL,'absent'),(221,2043,18,'present',NULL,NULL,NULL,'present'),(222,2044,18,'present',NULL,NULL,NULL,'present'),(223,2045,18,'present',NULL,NULL,NULL,'present'),(224,2046,18,'present',NULL,NULL,NULL,'present'),(225,2047,18,'present',NULL,NULL,NULL,'present'),(226,2048,18,'present',NULL,NULL,NULL,'present'),(227,2040,22,'present',NULL,NULL,NULL,'present'),(228,2041,22,'present',NULL,NULL,NULL,'present'),(229,2042,22,'present',NULL,NULL,NULL,'present'),(230,2043,22,'present',NULL,NULL,NULL,'present'),(231,2044,22,'present',NULL,NULL,NULL,'present'),(232,2045,22,'present',NULL,NULL,NULL,'present'),(233,2046,22,'present',NULL,NULL,NULL,'present'),(234,2047,22,'present',NULL,NULL,NULL,'present'),(235,2048,22,'present',NULL,NULL,NULL,'present'),(236,2040,24,'present',NULL,NULL,NULL,'present'),(237,2041,24,'present',NULL,NULL,NULL,'present'),(238,2042,24,'present',NULL,NULL,NULL,'present'),(239,2043,24,'present',NULL,NULL,NULL,'present'),(240,2044,24,'present',NULL,NULL,NULL,'present'),(241,2045,24,'present',NULL,NULL,NULL,'present'),(242,2046,24,'absent',NULL,NULL,NULL,'absent'),(243,2047,24,'present',NULL,NULL,NULL,'present'),(244,2048,24,'present',NULL,NULL,NULL,'present'),(245,2040,26,'present',NULL,NULL,NULL,'present'),(246,2041,26,'present',NULL,NULL,NULL,'present'),(247,2042,26,'present',NULL,NULL,NULL,'present'),(248,2043,26,'present',NULL,NULL,NULL,'present'),(249,2044,26,'present',NULL,NULL,NULL,'present'),(250,2045,26,'present',NULL,NULL,NULL,'present'),(251,2046,26,'present',NULL,NULL,NULL,'present'),(252,2047,26,'present',NULL,NULL,NULL,'present'),(253,2048,26,'present',NULL,NULL,NULL,'present'),(254,2040,29,'present',NULL,NULL,NULL,'present'),(255,2041,29,'present',NULL,NULL,NULL,'present'),(256,2042,29,'present',NULL,NULL,NULL,'present'),(257,2043,29,'absent',NULL,NULL,NULL,'absent'),(258,2044,29,'present',NULL,NULL,NULL,'present'),(259,2045,29,'present',NULL,NULL,NULL,'present'),(260,2046,29,'present',NULL,NULL,NULL,'present'),(261,2047,29,'present',NULL,NULL,NULL,'present'),(262,2048,29,'present',NULL,NULL,NULL,'present'),(263,2040,33,'present',NULL,NULL,NULL,'present'),(264,2041,33,'present',NULL,NULL,NULL,'present'),(265,2042,33,'present',NULL,NULL,NULL,'present'),(266,2043,33,'absent',NULL,NULL,NULL,'absent'),(267,2044,33,'present',NULL,NULL,NULL,'present'),(268,2045,33,'present',NULL,NULL,NULL,'present'),(269,2046,33,'present',NULL,NULL,NULL,'present'),(270,2047,33,'present',NULL,NULL,NULL,'present'),(271,2048,33,'present',NULL,NULL,NULL,'present'),(272,2040,36,'present',NULL,NULL,NULL,'present'),(273,2041,36,'present',NULL,NULL,NULL,'present'),(274,2042,36,'present',NULL,NULL,NULL,'present'),(275,2043,36,'present',NULL,NULL,NULL,'present'),(276,2044,36,'present',NULL,NULL,NULL,'present'),(277,2045,36,'present',NULL,NULL,NULL,'present'),(278,2046,36,'present',NULL,NULL,NULL,'present'),(279,2047,36,'absent',NULL,NULL,NULL,'absent'),(280,2048,36,'present',NULL,NULL,NULL,'present'),(281,2040,37,'present',NULL,NULL,NULL,'present'),(282,2041,37,'present',NULL,NULL,NULL,'present'),(283,2042,37,'present',NULL,NULL,NULL,'present'),(284,2043,37,'present',NULL,NULL,NULL,'present'),(285,2044,37,'present',NULL,NULL,NULL,'present'),(286,2045,37,'present',NULL,NULL,NULL,'present'),(287,2046,37,'absent',NULL,NULL,NULL,'absent'),(288,2047,37,'present',NULL,NULL,NULL,'present'),(289,2048,37,'present',NULL,NULL,NULL,'present'),(290,2040,40,'present',NULL,NULL,NULL,'present'),(291,2041,40,'present',NULL,NULL,NULL,'present'),(292,2042,40,'present',NULL,NULL,NULL,'present'),(293,2043,40,'present',NULL,NULL,NULL,'present'),(294,2044,40,'present',NULL,NULL,NULL,'present'),(295,2045,40,'present',NULL,NULL,NULL,'present'),(296,2046,40,'present',NULL,NULL,NULL,'present'),(297,2047,40,'present',NULL,NULL,NULL,'present'),(298,2048,40,'present',NULL,NULL,NULL,'present'),(299,2040,43,'present',NULL,NULL,NULL,'present'),(300,2041,43,'present',NULL,NULL,NULL,'present'),(301,2042,43,'present',NULL,NULL,NULL,'present'),(302,2043,43,'present',NULL,NULL,NULL,'present'),(303,2044,43,'present',NULL,NULL,NULL,'present'),(304,2045,43,'present',NULL,NULL,NULL,'present'),(305,2046,43,'present',NULL,NULL,NULL,'present'),(306,2047,43,'present',NULL,NULL,NULL,'present'),(307,2048,43,'present',NULL,NULL,NULL,'present'),(308,2040,45,'present',NULL,NULL,NULL,'present'),(309,2041,45,'absent',NULL,NULL,NULL,'absent'),(310,2042,45,'present',NULL,NULL,NULL,'present'),(311,2043,45,'present',NULL,NULL,NULL,'present'),(312,2044,45,'present',NULL,NULL,NULL,'present'),(313,2045,45,'present',NULL,NULL,NULL,'present'),(314,2046,45,'present',NULL,NULL,NULL,'present'),(315,2047,45,'present',NULL,NULL,NULL,'present'),(316,2048,45,'present',NULL,NULL,NULL,'present'),(317,2040,46,'present',NULL,NULL,NULL,'present'),(318,2041,46,'present',NULL,NULL,NULL,'present'),(319,2042,46,'present',NULL,NULL,NULL,'present'),(320,2043,46,'present',NULL,NULL,NULL,'present'),(321,2044,46,'present',NULL,NULL,NULL,'present'),(322,2045,46,'absent',NULL,NULL,NULL,'absent'),(323,2046,46,'present',NULL,NULL,NULL,'present'),(324,2047,46,'present',NULL,NULL,NULL,'present'),(325,2048,46,'present',NULL,NULL,NULL,'present'),(326,2040,50,'present',NULL,NULL,NULL,'present'),(327,2041,50,'present',NULL,NULL,NULL,'present'),(328,2042,50,'present',NULL,NULL,NULL,'present'),(329,2043,50,'present',NULL,NULL,NULL,'present'),(330,2044,50,'present',NULL,NULL,NULL,'present'),(331,2045,50,'present',NULL,NULL,NULL,'present'),(332,2046,50,'present',NULL,NULL,NULL,'present'),(333,2047,50,'present',NULL,NULL,NULL,'present'),(334,2048,50,'present',NULL,NULL,NULL,'present'),(335,2040,52,'present',NULL,NULL,NULL,'present'),(336,2041,52,'present',NULL,NULL,NULL,'present'),(337,2042,52,'present',NULL,NULL,NULL,'present'),(338,2043,52,'present',NULL,NULL,NULL,'present'),(339,2044,52,'present',NULL,NULL,NULL,'present'),(340,2045,52,'present',NULL,NULL,NULL,'present'),(341,2046,52,'present',NULL,NULL,NULL,'present'),(342,2047,52,'present',NULL,NULL,NULL,'present'),(343,2048,52,'present',NULL,NULL,NULL,'present'),(344,2040,53,'present',NULL,NULL,NULL,'present'),(345,2041,53,'present',NULL,NULL,NULL,'present'),(346,2042,53,'present',NULL,NULL,NULL,'present'),(347,2043,53,'present',NULL,NULL,NULL,'present'),(348,2044,53,'present',NULL,NULL,NULL,'present'),(349,2045,53,'present',NULL,NULL,NULL,'present'),(350,2046,53,'present',NULL,NULL,NULL,'present'),(351,2047,53,'present',NULL,NULL,NULL,'present'),(352,2048,53,'present',NULL,NULL,NULL,'present'),(353,2040,55,'present',NULL,NULL,NULL,'present'),(354,2041,55,'present',NULL,NULL,NULL,'present'),(355,2042,55,'present',NULL,NULL,NULL,'present'),(356,2043,55,'present',NULL,NULL,NULL,'present'),(357,2044,55,'present',NULL,NULL,NULL,'present'),(358,2045,55,'present',NULL,NULL,NULL,'present'),(359,2046,55,'present',NULL,NULL,NULL,'present'),(360,2047,55,'present',NULL,NULL,NULL,'present'),(361,2048,55,'present',NULL,NULL,NULL,'present'),(362,2040,48,'present',NULL,NULL,NULL,'present'),(363,2041,48,'present',NULL,NULL,NULL,'present'),(364,2042,48,'absent',NULL,NULL,NULL,'absent'),(365,2043,48,'present',NULL,NULL,NULL,'present'),(366,2044,48,'present',NULL,NULL,NULL,'present'),(367,2045,48,'present',NULL,NULL,NULL,'present'),(368,2046,48,'present',NULL,NULL,NULL,'present'),(369,2047,48,'present',NULL,NULL,NULL,'present'),(370,2048,48,'present',NULL,NULL,NULL,'present'),(371,2058,19,'present',NULL,NULL,NULL,'present'),(372,2059,19,'present',NULL,NULL,NULL,'present'),(373,2060,19,'present',NULL,NULL,NULL,'present'),(374,2061,19,'present',NULL,NULL,NULL,'present'),(375,2062,19,'present',NULL,NULL,NULL,'present'),(376,2063,19,'present',NULL,NULL,NULL,'present'),(377,2064,19,'present',NULL,NULL,NULL,'present'),(378,2065,19,'present',NULL,NULL,NULL,'present'),(379,2066,19,'present',NULL,NULL,NULL,'present'),(380,2058,21,'present',NULL,NULL,NULL,'present'),(381,2059,21,'present',NULL,NULL,NULL,'present'),(382,2060,21,'present',NULL,NULL,NULL,'present'),(383,2061,21,'present',NULL,NULL,NULL,'present'),(384,2062,21,'absent',NULL,NULL,NULL,'absent'),(385,2063,21,'present',NULL,NULL,NULL,'present'),(386,2064,21,'present',NULL,NULL,NULL,'present'),(387,2065,21,'present',NULL,NULL,NULL,'present'),(388,2066,21,'present',NULL,NULL,NULL,'present'),(389,2058,25,'present',NULL,NULL,NULL,'present'),(390,2059,25,'present',NULL,NULL,NULL,'present'),(391,2060,25,'absent',NULL,NULL,NULL,'absent'),(392,2061,25,'present',NULL,NULL,NULL,'present'),(393,2062,25,'present',NULL,NULL,NULL,'present'),(394,2063,25,'present',NULL,NULL,NULL,'present'),(395,2064,25,'present',NULL,NULL,NULL,'present'),(396,2065,25,'present',NULL,NULL,NULL,'present'),(397,2066,25,'present',NULL,NULL,NULL,'present'),(398,2058,26,'present',NULL,NULL,NULL,'present'),(399,2059,26,'present',NULL,NULL,NULL,'present'),(400,2060,26,'present',NULL,NULL,NULL,'present'),(401,2061,26,'present',NULL,NULL,NULL,'present'),(402,2062,26,'present',NULL,NULL,NULL,'present'),(403,2063,26,'present',NULL,NULL,NULL,'present'),(404,2064,26,'absent',NULL,NULL,NULL,'absent'),(405,2065,26,'present',NULL,NULL,NULL,'present'),(406,2066,26,'present',NULL,NULL,NULL,'present'),(407,2058,28,'present',NULL,NULL,NULL,'present'),(408,2059,28,'present',NULL,NULL,NULL,'present'),(409,2060,28,'present',NULL,NULL,NULL,'present'),(410,2061,28,'present',NULL,NULL,NULL,'present'),(411,2062,28,'present',NULL,NULL,NULL,'present'),(412,2063,28,'present',NULL,NULL,NULL,'present'),(413,2064,28,'present',NULL,NULL,NULL,'present'),(414,2065,28,'present',NULL,NULL,NULL,'present'),(415,2066,28,'absent',NULL,NULL,NULL,'absent'),(416,2058,29,'present',NULL,NULL,NULL,'present'),(417,2059,29,'present',NULL,NULL,NULL,'present'),(418,2060,29,'present',NULL,NULL,NULL,'present'),(419,2061,29,'present',NULL,NULL,NULL,'present'),(420,2062,29,'present',NULL,NULL,NULL,'present'),(421,2063,29,'absent',NULL,NULL,NULL,'absent'),(422,2064,29,'present',NULL,NULL,NULL,'present'),(423,2065,29,'present',NULL,NULL,NULL,'present'),(424,2066,29,'present',NULL,NULL,NULL,'present'),(425,2058,32,'present',NULL,NULL,NULL,'present'),(426,2059,32,'present',NULL,NULL,NULL,'present'),(427,2060,32,'present',NULL,NULL,NULL,'present'),(428,2061,32,'absent',NULL,NULL,NULL,'absent'),(429,2062,32,'present',NULL,NULL,NULL,'present'),(430,2063,32,'present',NULL,NULL,NULL,'present'),(431,2064,32,'present',NULL,NULL,NULL,'present'),(432,2065,32,'present',NULL,NULL,NULL,'present'),(433,2066,32,'present',NULL,NULL,NULL,'present'),(434,2058,33,'present',NULL,NULL,NULL,'present'),(435,2059,33,'present',NULL,NULL,NULL,'present'),(436,2060,33,'absent',NULL,NULL,NULL,'absent'),(437,2061,33,'present',NULL,NULL,NULL,'present'),(438,2062,33,'present',NULL,NULL,NULL,'present'),(439,2063,33,'present',NULL,NULL,NULL,'present'),(440,2064,33,'present',NULL,NULL,NULL,'present'),(441,2065,33,'present',NULL,NULL,NULL,'present'),(442,2066,33,'present',NULL,NULL,NULL,'present'),(443,2058,34,'present',NULL,NULL,NULL,'present'),(444,2059,34,'present',NULL,NULL,NULL,'present'),(445,2060,34,'present',NULL,NULL,NULL,'present'),(446,2061,34,'absent',NULL,NULL,NULL,'absent'),(447,2062,34,'present',NULL,NULL,NULL,'present'),(448,2063,34,'present',NULL,NULL,NULL,'present'),(449,2064,34,'present',NULL,NULL,NULL,'present'),(450,2065,34,'present',NULL,NULL,NULL,'present'),(451,2066,34,'absent',NULL,NULL,NULL,'absent'),(452,2058,35,'present',NULL,NULL,NULL,'present'),(453,2059,35,'present',NULL,NULL,NULL,'present'),(454,2060,35,'present',NULL,NULL,NULL,'present'),(455,2061,35,'present',NULL,NULL,NULL,'present'),(456,2062,35,'present',NULL,NULL,NULL,'present'),(457,2063,35,'present',NULL,NULL,NULL,'present'),(458,2064,35,'present',NULL,NULL,NULL,'present'),(459,2065,35,'present',NULL,NULL,NULL,'present'),(460,2066,35,'present',NULL,NULL,NULL,'present'),(461,2058,38,'absent',NULL,NULL,NULL,'absent'),(462,2059,38,'present',NULL,NULL,NULL,'present'),(463,2060,38,'present',NULL,NULL,NULL,'present'),(464,2061,38,'present',NULL,NULL,NULL,'present'),(465,2062,38,'present',NULL,NULL,NULL,'present'),(466,2063,38,'present',NULL,NULL,NULL,'present'),(467,2064,38,'present',NULL,NULL,NULL,'present'),(468,2065,38,'present',NULL,NULL,NULL,'present'),(469,2066,38,'present',NULL,NULL,NULL,'present'),(470,2058,41,'present',NULL,NULL,NULL,'present'),(471,2059,41,'present',NULL,NULL,NULL,'present'),(472,2060,41,'present',NULL,NULL,NULL,'present'),(473,2061,41,'present',NULL,NULL,NULL,'present'),(474,2062,41,'absent',NULL,NULL,NULL,'absent'),(475,2063,41,'present',NULL,NULL,NULL,'present'),(476,2064,41,'present',NULL,NULL,NULL,'present'),(477,2065,41,'present',NULL,NULL,NULL,'present'),(478,2066,41,'present',NULL,NULL,NULL,'present'),(479,2058,42,'present',NULL,NULL,NULL,'present'),(480,2059,42,'present',NULL,NULL,NULL,'present'),(481,2060,42,'present',NULL,NULL,NULL,'present'),(482,2061,42,'present',NULL,NULL,NULL,'present'),(483,2062,42,'present',NULL,NULL,NULL,'present'),(484,2063,42,'present',NULL,NULL,NULL,'present'),(485,2064,42,'present',NULL,NULL,NULL,'present'),(486,2065,42,'absent',NULL,NULL,NULL,'absent'),(487,2066,42,'present',NULL,NULL,NULL,'present'),(488,2058,43,'present',NULL,NULL,NULL,'present'),(489,2059,43,'present',NULL,NULL,NULL,'present'),(490,2060,43,'present',NULL,NULL,NULL,'present'),(491,2061,43,'present',NULL,NULL,NULL,'present'),(492,2062,43,'present',NULL,NULL,NULL,'present'),(493,2063,43,'present',NULL,NULL,NULL,'present'),(494,2064,43,'present',NULL,NULL,NULL,'present'),(495,2065,43,'present',NULL,NULL,NULL,'present'),(496,2066,43,'present',NULL,NULL,NULL,'present'),(497,2058,44,'present',NULL,NULL,NULL,'present'),(498,2059,44,'present',NULL,NULL,NULL,'present'),(499,2060,44,'present',NULL,NULL,NULL,'present'),(500,2061,44,'absent',NULL,NULL,NULL,'absent'),(501,2062,44,'present',NULL,NULL,NULL,'present'),(502,2063,44,'present',NULL,NULL,NULL,'present'),(503,2064,44,'present',NULL,NULL,NULL,'present'),(504,2065,44,'present',NULL,NULL,NULL,'present'),(505,2066,44,'present',NULL,NULL,NULL,'present'),(506,2058,49,'absent',NULL,NULL,NULL,'absent'),(507,2059,49,'present',NULL,NULL,NULL,'present'),(508,2060,49,'present',NULL,NULL,NULL,'present'),(509,2061,49,'present',NULL,NULL,NULL,'present'),(510,2062,49,'present',NULL,NULL,NULL,'present'),(511,2063,49,'present',NULL,NULL,NULL,'present'),(512,2064,49,'absent',NULL,NULL,NULL,'absent'),(513,2065,49,'present',NULL,NULL,NULL,'present'),(514,2066,49,'present',NULL,NULL,NULL,'present'),(515,2058,50,'present',NULL,NULL,NULL,'present'),(516,2059,50,'present',NULL,NULL,NULL,'present'),(517,2060,50,'present',NULL,NULL,NULL,'present'),(518,2061,50,'present',NULL,NULL,NULL,'present'),(519,2062,50,'present',NULL,NULL,NULL,'present'),(520,2063,50,'present',NULL,NULL,NULL,'present'),(521,2064,50,'absent',NULL,NULL,NULL,'absent'),(522,2065,50,'present',NULL,NULL,NULL,'present'),(523,2066,50,'present',NULL,NULL,NULL,'present'),(524,2058,53,'present',NULL,NULL,NULL,'present'),(525,2059,53,'present',NULL,NULL,NULL,'present'),(526,2060,53,'present',NULL,NULL,NULL,'present'),(527,2061,53,'present',NULL,NULL,NULL,'present'),(528,2062,53,'present',NULL,NULL,NULL,'present'),(529,2063,53,'present',NULL,NULL,NULL,'present'),(530,2064,53,'present',NULL,NULL,NULL,'present'),(531,2065,53,'present',NULL,NULL,NULL,'present'),(532,2066,53,'present',NULL,NULL,NULL,'present'),(533,2058,54,'absent',NULL,NULL,NULL,'absent'),(534,2059,54,'present',NULL,NULL,NULL,'present'),(535,2060,54,'present',NULL,NULL,NULL,'present'),(536,2061,54,'present',NULL,NULL,NULL,'present'),(537,2062,54,'present',NULL,NULL,NULL,'present'),(538,2063,54,'present',NULL,NULL,NULL,'present'),(539,2064,54,'present',NULL,NULL,NULL,'present'),(540,2065,54,'present',NULL,NULL,NULL,'present'),(541,2066,54,'present',NULL,NULL,NULL,'present'),(542,2058,56,'present',NULL,NULL,NULL,'present'),(543,2059,56,'present',NULL,NULL,NULL,'present'),(544,2060,56,'present',NULL,NULL,NULL,'present'),(545,2061,56,'present',NULL,NULL,NULL,'present'),(546,2062,56,'present',NULL,NULL,NULL,'present'),(547,2063,56,'present',NULL,NULL,NULL,'present'),(548,2064,56,'present',NULL,NULL,NULL,'present'),(549,2065,56,'present',NULL,NULL,NULL,'present'),(550,2066,56,'absent',NULL,NULL,NULL,'absent'),(551,2058,57,'present',NULL,NULL,NULL,'present'),(552,2059,57,'present',NULL,NULL,NULL,'present'),(553,2060,57,'present',NULL,NULL,NULL,'present'),(554,2061,57,'absent',NULL,NULL,NULL,'absent'),(555,2062,57,'present',NULL,NULL,NULL,'present'),(556,2063,57,'present',NULL,NULL,NULL,'present'),(557,2064,57,'absent',NULL,NULL,NULL,'absent'),(558,2065,57,'present',NULL,NULL,NULL,'present'),(559,2066,57,'present',NULL,NULL,NULL,'present'),(560,2058,48,'present',NULL,NULL,NULL,'present'),(561,2059,48,'absent',NULL,NULL,NULL,'absent'),(562,2060,48,'present',NULL,NULL,NULL,'present'),(563,2061,48,'present',NULL,NULL,NULL,'present'),(564,2062,48,'present',NULL,NULL,NULL,'present'),(565,2063,48,'present',NULL,NULL,NULL,'present'),(566,2064,48,'present',NULL,NULL,NULL,'present'),(567,2065,48,'present',NULL,NULL,NULL,'present'),(568,2066,48,'absent',NULL,NULL,NULL,'absent'),(569,2067,19,'present',NULL,NULL,NULL,'present'),(570,2068,19,'present',NULL,NULL,NULL,'present'),(571,2069,19,'present',NULL,NULL,NULL,'present'),(572,2070,19,'present',NULL,NULL,NULL,'present'),(573,2071,19,'present',NULL,NULL,NULL,'present'),(574,2072,19,'present',NULL,NULL,NULL,'present'),(575,2073,19,'present',NULL,NULL,NULL,'present'),(576,2074,19,'present',NULL,NULL,NULL,'present'),(577,2075,19,'absent',NULL,NULL,NULL,'absent'),(578,2067,20,'present',NULL,NULL,NULL,'present'),(579,2068,20,'present',NULL,NULL,NULL,'present'),(580,2069,20,'present',NULL,NULL,NULL,'present'),(581,2070,20,'present',NULL,NULL,NULL,'present'),(582,2071,20,'present',NULL,NULL,NULL,'present'),(583,2072,20,'present',NULL,NULL,NULL,'present'),(584,2073,20,'absent',NULL,NULL,NULL,'absent'),(585,2074,20,'present',NULL,NULL,NULL,'present'),(586,2075,20,'present',NULL,NULL,NULL,'present'),(587,2067,22,'present',NULL,NULL,NULL,'present'),(588,2068,22,'present',NULL,NULL,NULL,'present'),(589,2069,22,'present',NULL,NULL,NULL,'present'),(590,2070,22,'present',NULL,NULL,NULL,'present'),(591,2071,22,'present',NULL,NULL,NULL,'present'),(592,2072,22,'present',NULL,NULL,NULL,'present'),(593,2073,22,'present',NULL,NULL,NULL,'present'),(594,2074,22,'present',NULL,NULL,NULL,'present'),(595,2075,22,'present',NULL,NULL,NULL,'present'),(596,2067,25,'absent',NULL,NULL,NULL,'absent'),(597,2068,25,'present',NULL,NULL,NULL,'present'),(598,2069,25,'present',NULL,NULL,NULL,'present'),(599,2070,25,'present',NULL,NULL,NULL,'present'),(600,2071,25,'present',NULL,NULL,NULL,'present'),(601,2072,25,'present',NULL,NULL,NULL,'present'),(602,2073,25,'present',NULL,NULL,NULL,'present'),(603,2074,25,'present',NULL,NULL,NULL,'present'),(604,2075,25,'present',NULL,NULL,NULL,'present'),(605,2067,27,'present',NULL,NULL,NULL,'present'),(606,2068,27,'present',NULL,NULL,NULL,'present'),(607,2069,27,'present',NULL,NULL,NULL,'present'),(608,2070,27,'present',NULL,NULL,NULL,'present'),(609,2071,27,'present',NULL,NULL,NULL,'present'),(610,2072,27,'present',NULL,NULL,NULL,'present'),(611,2073,27,'present',NULL,NULL,NULL,'present'),(612,2074,27,'present',NULL,NULL,NULL,'present'),(613,2075,27,'absent',NULL,NULL,NULL,'absent'),(614,2067,31,'present',NULL,NULL,NULL,'present'),(615,2068,31,'present',NULL,NULL,NULL,'present'),(616,2069,31,'present',NULL,NULL,NULL,'present'),(617,2070,31,'present',NULL,NULL,NULL,'present'),(618,2071,31,'present',NULL,NULL,NULL,'present'),(619,2072,31,'absent',NULL,NULL,NULL,'absent'),(620,2073,31,'present',NULL,NULL,NULL,'present'),(621,2074,31,'present',NULL,NULL,NULL,'present'),(622,2075,31,'present',NULL,NULL,NULL,'present'),(623,2067,32,'present',NULL,NULL,NULL,'present'),(624,2068,32,'absent',NULL,NULL,NULL,'absent'),(625,2069,32,'present',NULL,NULL,NULL,'present'),(626,2070,32,'present',NULL,NULL,NULL,'present'),(627,2071,32,'present',NULL,NULL,NULL,'present'),(628,2072,32,'present',NULL,NULL,NULL,'present'),(629,2073,32,'present',NULL,NULL,NULL,'present'),(630,2074,32,'present',NULL,NULL,NULL,'present'),(631,2075,32,'present',NULL,NULL,NULL,'present'),(632,2067,35,'absent',NULL,NULL,NULL,'absent'),(633,2068,35,'present',NULL,NULL,NULL,'present'),(634,2069,35,'present',NULL,NULL,NULL,'present'),(635,2070,35,'present',NULL,NULL,NULL,'present'),(636,2071,35,'present',NULL,NULL,NULL,'present'),(637,2072,35,'present',NULL,NULL,NULL,'present'),(638,2073,35,'present',NULL,NULL,NULL,'present'),(639,2074,35,'present',NULL,NULL,NULL,'present'),(640,2075,35,'present',NULL,NULL,NULL,'present'),(641,2067,36,'present',NULL,NULL,NULL,'present'),(642,2068,36,'present',NULL,NULL,NULL,'present'),(643,2069,36,'present',NULL,NULL,NULL,'present'),(644,2070,36,'present',NULL,NULL,NULL,'present'),(645,2071,36,'present',NULL,NULL,NULL,'present'),(646,2072,36,'present',NULL,NULL,NULL,'present'),(647,2073,36,'absent',NULL,NULL,NULL,'absent'),(648,2074,36,'present',NULL,NULL,NULL,'present'),(649,2075,36,'present',NULL,NULL,NULL,'present'),(650,2067,37,'present',NULL,NULL,NULL,'present'),(651,2068,37,'present',NULL,NULL,NULL,'present'),(652,2069,37,'present',NULL,NULL,NULL,'present'),(653,2070,37,'present',NULL,NULL,NULL,'present'),(654,2071,37,'present',NULL,NULL,NULL,'present'),(655,2072,37,'present',NULL,NULL,NULL,'present'),(656,2073,37,'present',NULL,NULL,NULL,'present'),(657,2074,37,'present',NULL,NULL,NULL,'present'),(658,2075,37,'present',NULL,NULL,NULL,'present'),(659,2067,40,'present',NULL,NULL,NULL,'present'),(660,2068,40,'absent',NULL,NULL,NULL,'absent'),(661,2069,40,'present',NULL,NULL,NULL,'present'),(662,2070,40,'present',NULL,NULL,NULL,'present'),(663,2071,40,'present',NULL,NULL,NULL,'present'),(664,2072,40,'present',NULL,NULL,NULL,'present'),(665,2073,40,'present',NULL,NULL,NULL,'present'),(666,2074,40,'present',NULL,NULL,NULL,'present'),(667,2075,40,'present',NULL,NULL,NULL,'present'),(668,2067,45,'present',NULL,NULL,NULL,'present'),(669,2068,45,'present',NULL,NULL,NULL,'present'),(670,2069,45,'present',NULL,NULL,NULL,'present'),(671,2070,45,'present',NULL,NULL,NULL,'present'),(672,2071,45,'absent',NULL,NULL,NULL,'absent'),(673,2072,45,'present',NULL,NULL,NULL,'present'),(674,2073,45,'present',NULL,NULL,NULL,'present'),(675,2074,45,'present',NULL,NULL,NULL,'present'),(676,2075,45,'absent',NULL,NULL,NULL,'absent'),(677,2067,42,'present',NULL,NULL,NULL,'present'),(678,2068,42,'present',NULL,NULL,NULL,'present'),(679,2069,42,'present',NULL,NULL,NULL,'present'),(680,2070,42,'present',NULL,NULL,NULL,'present'),(681,2071,42,'present',NULL,NULL,NULL,'present'),(682,2072,42,'present',NULL,NULL,NULL,'present'),(683,2073,42,'present',NULL,NULL,NULL,'present'),(684,2074,42,'absent',NULL,NULL,NULL,'absent'),(685,2075,42,'present',NULL,NULL,NULL,'present'),(686,2067,46,'absent',NULL,NULL,NULL,'absent'),(687,2068,46,'present',NULL,NULL,NULL,'present'),(688,2069,46,'absent',NULL,NULL,NULL,'absent'),(689,2070,46,'present',NULL,NULL,NULL,'present'),(690,2071,46,'absent',NULL,NULL,NULL,'absent'),(691,2072,46,'present',NULL,NULL,NULL,'present'),(692,2073,46,'absent',NULL,NULL,NULL,'absent'),(693,2074,46,'present',NULL,NULL,NULL,'present'),(694,2075,46,'absent',NULL,NULL,NULL,'absent'),(695,2067,47,'present',NULL,NULL,NULL,'present'),(696,2068,47,'absent',NULL,NULL,NULL,'absent'),(697,2069,47,'present',NULL,NULL,NULL,'present'),(698,2070,47,'absent',NULL,NULL,NULL,'absent'),(699,2071,47,'present',NULL,NULL,NULL,'present'),(700,2072,47,'present',NULL,NULL,NULL,'present'),(701,2073,47,'present',NULL,NULL,NULL,'present'),(702,2074,47,'absent',NULL,NULL,NULL,'absent'),(703,2075,47,'present',NULL,NULL,NULL,'present'),(704,2067,49,'present',NULL,NULL,NULL,'present'),(705,2068,49,'present',NULL,NULL,NULL,'present'),(706,2069,49,'present',NULL,NULL,NULL,'present'),(707,2070,49,'present',NULL,NULL,NULL,'present'),(708,2071,49,'present',NULL,NULL,NULL,'present'),(709,2072,49,'absent',NULL,NULL,NULL,'absent'),(710,2073,49,'present',NULL,NULL,NULL,'present'),(711,2074,49,'present',NULL,NULL,NULL,'present'),(712,2075,49,'present',NULL,NULL,NULL,'present'),(713,2067,51,'present',NULL,NULL,NULL,'present'),(714,2068,51,'present',NULL,NULL,NULL,'present'),(715,2069,51,'present',NULL,NULL,NULL,'present'),(716,2070,51,'present',NULL,NULL,NULL,'present'),(717,2071,51,'absent',NULL,NULL,NULL,'absent'),(718,2072,51,'present',NULL,NULL,NULL,'present'),(719,2073,51,'present',NULL,NULL,NULL,'present'),(720,2074,51,'present',NULL,NULL,NULL,'present'),(721,2075,51,'present',NULL,NULL,NULL,'present'),(722,2067,54,'absent',NULL,NULL,NULL,'absent'),(723,2068,54,'present',NULL,NULL,NULL,'present'),(724,2069,54,'present',NULL,NULL,NULL,'present'),(725,2070,54,'present',NULL,NULL,NULL,'present'),(726,2071,54,'present',NULL,NULL,NULL,'present'),(727,2072,54,'present',NULL,NULL,NULL,'present'),(728,2073,54,'present',NULL,NULL,NULL,'present'),(729,2074,54,'absent',NULL,NULL,NULL,'absent'),(730,2075,54,'present',NULL,NULL,NULL,'present'),(731,2067,57,'present',NULL,NULL,NULL,'present'),(732,2068,57,'present',NULL,NULL,NULL,'present'),(733,2069,57,'absent',NULL,NULL,NULL,'absent'),(734,2070,57,'present',NULL,NULL,NULL,'present'),(735,2071,57,'present',NULL,NULL,NULL,'present'),(736,2072,57,'present',NULL,NULL,NULL,'present'),(737,2073,57,'absent',NULL,NULL,NULL,'absent'),(738,2074,57,'present',NULL,NULL,NULL,'present'),(739,2075,57,'absent',NULL,NULL,NULL,'absent');
/*!40000 ALTER TABLE `presence` ENABLE KEYS */;
UNLOCK TABLES;

--
-- Table structure for table `school_subject`
--

DROP TABLE IF EXISTS `school_subject`;
/*!40101 SET @saved_cs_client     = @@character_set_client */;
 SET character_set_client = utf8mb4 ;
CREATE TABLE `school_subject` (
  `id` int(11) NOT NULL AUTO_INCREMENT,
  `name` varchar(255) DEFAULT NULL,
  `description` text,
  `abbreviation` text,
  `createdAt` datetime NOT NULL,
  `updatedAt` datetime NOT NULL,
  PRIMARY KEY (`id`)
) ENGINE=InnoDB AUTO_INCREMENT=15 DEFAULT CHARSET=utf8mb4 COLLATE=utf8mb4_0900_ai_ci;
/*!40101 SET character_set_client = @saved_cs_client */;

--
-- Dumping data for table `school_subject`
--

LOCK TABLES `school_subject` WRITE;
/*!40000 ALTER TABLE `school_subject` DISABLE KEYS */;
INSERT INTO `school_subject` VALUES (11,'Informatica','Bij dit vak leer je alles over computers',NULL,'2019-04-21 14:15:50','2019-04-21 14:15:50'),(14,'Wiskunde B','De theoretische kant van wiskunde',NULL,'2019-04-21 14:31:00','2019-04-21 14:31:00');
/*!40000 ALTER TABLE `school_subject` ENABLE KEYS */;
UNLOCK TABLES;

--
-- Table structure for table `user_data`
--

DROP TABLE IF EXISTS `user_data`;
/*!40101 SET @saved_cs_client     = @@character_set_client */;
 SET character_set_client = utf8mb4 ;
CREATE TABLE `user_data` (
  `id` int(11) NOT NULL AUTO_INCREMENT,
  `email` varchar(64) NOT NULL,
  `role` varchar(16) NOT NULL,
  `school` varchar(45) DEFAULT NULL,
  `firstName` varchar(64) DEFAULT NULL,
  `lastName` varchar(64) DEFAULT NULL,
  `year` int(11) DEFAULT NULL,
  `level` varchar(45) DEFAULT NULL,
  `preferedEmail` varchar(64) DEFAULT NULL,
  `profile` varchar(45) DEFAULT NULL,
  `phoneNumber` varchar(45) DEFAULT NULL,
  `displayName` varchar(64) DEFAULT NULL,
  `createIp` varchar(45) DEFAULT NULL,
  `createdAt` datetime DEFAULT NULL,
  `updatedAt` datetime DEFAULT NULL,
  PRIMARY KEY (`id`),
  UNIQUE KEY `id_UNIQUE` (`id`),
  UNIQUE KEY `email_UNIQUE` (`email`)
) ENGINE=InnoDB AUTO_INCREMENT=59 DEFAULT CHARSET=utf8;
/*!40101 SET character_set_client = @saved_cs_client */;

--
-- Dumping data for table `user_data`
--

LOCK TABLES `user_data` WRITE;
/*!40000 ALTER TABLE `user_data` DISABLE KEYS */;
INSERT INTO `user_data` VALUES (11,'BD12333@beekdal.nl','teacher','Beekdal Lyceum','Willem','Verbeek',NULL,NULL,'wverbeek@gmail.com',NULL,'0648374857','Verbeek, Willem',NULL,NULL,NULL),(12,'BD11234@beekdal.nl','teacher','Beekdal Lyceum','Cas','de Leeuw',NULL,NULL,'Cas.Leeuw@gmail.com',NULL,'0619285452','',NULL,NULL,NULL),(13,'BD10034@beekdal.nl','teacher','Beekdal Lyceum','Nienke','van de Pol',NULL,'','nienke.vdpol@gmail.com','','0636403434','van de Pol, Nienke','213.127.243.178','2018-08-17 11:52:03',NULL),(14,'BD11029@beekdal.nl','teacher','Beekdal Lyceum','Esmee','Molenaar',NULL,NULL,'Esmee.molenaar@gmail.com',NULL,'0639285748','Molenaar, Esmee',NULL,NULL,NULL),(15,'SGA1123@gymarnhem.nl','teacher','Gymnasium Arnhem','Vera','Kuijpers',NULL,NULL,'Veraaa@gmail.com',NULL,'0691847634','Kuijpers, Vera',NULL,NULL,NULL),(16,'adminMarloes@quadraam.nl','admin','','Marloes','van der Horst',NULL,'','Marloes.vdhorst1999@gmail.com','','0691824322','van der Horst, Marloes','213.127.243.178','2018-10-07 21:13:00','2018-12-05 16:10:45'),(17,'admin@quadraam.nl','admin','','Steven','Bronsveld',4,'VWO','steven.bronsveld@gmail.com','NT','0692835781','Bronsveld, Steven','213.127.243.178','2018-10-21 21:13:36','2019-08-15 13:59:58'),(18,'SY10010@symbion.nl','student','Symbion','Daan','Sanders',3,'VWO','dsanders@gmail.com','EM&CM','0611284958','Sanders, Daan','213.127.243.178','2018-12-27 15:43:19','2018-12-27 15:43:19'),(19,'PD10012@produs.nl','student','Produs Arnhem','Sanne','Mol',4,'HAVO',NULL,'NG','0692838485','Mol, Sanne',NULL,NULL,NULL),(20,'OC110294@olympus.nl','student','Olympus College','Sem','Wolters',3,'HAVO','sem.wolters.sem@hotmail.com','NT','0612958473','Wolters, Sem',NULL,NULL,NULL),(21,'LL100123@lorentz.nl','student','Lorentz Lyceam','Julia','Bosman',5,'VWO',NULL,'NG','0629389584','Bosman, Julia',NULL,NULL,NULL),(22,'CC110100@candea.nl','student','Candea','Thomas','Hofman',6,'HAVO','thomas.hofman2000@hotmail.com','EM&CM','0691829988','Hofman, Thomas',NULL,NULL,NULL),(23,'CB101294@quadraam.nl','student','Quadraam','Emma','van der Meulen',4,'HAVO',NULL,'EM','0692336992','van der Meulen, Emma',NULL,NULL,NULL),(24,'MvE10103@mvrossem.nl','student','Maarten van Rossem','Tim','van den Bosch',3,'VWO',NULL,'NG','','van den Bosch, Tim',NULL,NULL,NULL),(25,'LC100234@liemers.nl','student','Liemers College','Sophie','Evers',4,'HAVO','severs@hotmail.com','NT','0611594834','Evers, Sophie',NULL,NULL,NULL),(26,'CB123423@quadraam.nl','student','Quadraam','Lucas','Hermans',5,'HAVO',NULL,'EM','0694338213','Hermans, Lucas',NULL,NULL,NULL),(27,'MvE12342@mvrossem.nl','student','Maarten van Rossem','Lisa','van Doorn',6,'VWO',NULL,'NG','0688392854','van Doorn, Lisa',NULL,NULL,NULL),(28,'LC100293@liemers.nl','student','Liemers College','Lars','Driessen',4,'HAVO',NULL,'NT','0672884733','Driessen, Lars',NULL,NULL,NULL),(29,'VE100359@venster.nl','student','vmbo-venster','Lotte','van den Velden',3,'HAVO',NULL,NULL,'0699548834','van den Velden, Lotte',NULL,NULL,NULL),(30,'HW113245@westeraam.nl','student','Het Westeraam','Milan','Koning',5,'HAVO',NULL,NULL,'0681934458','Koning, Milan',NULL,NULL,NULL),(31,'MC11010@montessori.nl','student','Montessori Arnhem','Anna','van der Laan',4,'VWO','avanderlaan@gmail.com','NT','0623455968','van der Laan, Anna',NULL,NULL,NULL),(32,'OC110249@olympus.nl','student','Olympus College','Thijs','de Koning',5,'HAVO','','NG','0643928558','de Koning, Thijs',NULL,NULL,NULL),(33,'PD10249@produs.nl','student','Produs Arnhem','Eva','Schipper',3,'HAVO','EvaSchipper@gmail.com',NULL,'0698984378','Schipper, Eva',NULL,NULL,NULL),(34,'','student','','Jesse','van Dongen',5,'VWO',NULL,'NT','0683835694','van Dongen, Jesse',NULL,NULL,NULL),(35,'SGA1001@gymarnhem.nl','student','Gymnasium Arnhem','Fleur','Bosch',4,'VWO','fleur.bosch@hotmail.com',NULL,'','Bosch, Fleur',NULL,NULL,NULL),(36,'LL101029@lorentz.nl','student','Lorentz Lyceum','Ruben','de Vos',3,'HAVO',NULL,'EM&CM','','de Vos, Ruben',NULL,NULL,NULL),(37,'MvE11029@mvrossem.nl','student','Maarten van Rossem','Anne','de Lange',4,'HAVO','Anne.delange@gmail.com','CM','0649494835','de Lange, Anne',NULL,NULL,NULL),(38,'PD12348@produs.nl','student','Produs Arnhem','Stijn','Smeets',6,'VWO','ssmeetss@hotmail.com','NT','0638384956','Smeets, Stijn',NULL,NULL,NULL),(39,'SGA1010@gymarnhem.nl','student','Gymnasium Arnhem','Isa','Willemsen',3,'VWO','isawillemsen@hotmail.com',NULL,'0692348563','Willemsen, Isa',NULL,NULL,NULL),(40,'BD10003@beekdal.nl','student','Beekdal Lyceum','Bram','Boer',5,'HAVO','bramb@gmail.com','NT&NG','0678783493','Boer, Bram',NULL,NULL,NULL),(41,'CC101023@candea.nl','student','Candea','Lieke','van Loon',3,'VWO','liekevloon@hotmail.com','EM','0619284566','van Loon, Lieke',NULL,NULL,NULL),(42,'CD103458@quadraam.nl','student','Quadraam','Luuk','Jonker',4,'VWO','ljonker1234@hotmail.com','NT','0638475767','Jonker, Luuk',NULL,NULL,NULL),(43,'BD10234@beekdal.nl','student','Beekdal Lyceum','Iris','Gerritsen',3,'VWO',NULL,NULL,'0638374568','Gerritsen, Iris',NULL,NULL,NULL),(44,'CC112321@candea.nl','student','Candea','Sven','Groen',3,'VWO','svenniegroen@gmail.com','EM&CM','0691385680','Groen, Sven',NULL,NULL,NULL),(45,'BD10010@beekdal.nl','student','Beekdal Lyceum','Noa','Timmermans',5,'HAVO','noatimmermansxx@hotmail.com','NT','','Timmermans, Noa',NULL,NULL,NULL),(46,'MC11239@montessori.nl','student','Montessori Arnhem','Max','de Ruiter',4,'VWO',NULL,'EM','0655593388','de Ruiter, Max',NULL,NULL,NULL),(47,'OC123584@olympus.nl','student','Olympus College','Femke','Vink',4,'HAVO','femkevink@gmail.com','NT','0682249556','Vink, Femke',NULL,NULL,NULL),(48,'LL192844@lorentz.nl','student','Lorentz Lyceum','Finn','Martens',2,'VWO',NULL,'NG','0628475768','Martens, Finn',NULL,NULL,NULL),(49,'LE192845@lycelst.nl','student','Lyceum Elst','Anouk','Postma',6,'VWO','Anoukpostma@hotmail.com','NT','0617382373','Postma, Anouk',NULL,NULL,NULL),(50,'LC101234@liemers.nl','student','Liemers College','Niels','van Wijk',6,'VWO','nvanwijk134@gmail.com','NG','0619283553','van Wijk, Niels',NULL,NULL,NULL),(51,'MvE11032@mvrossem.nl','student','Maarten van Rossem','Amber','Scholten',3,'HAVO',NULL,'NT','0628384958','Scholten, Amber',NULL,NULL,NULL),(52,'OC112340@olympus.nl','student','Olympus College','Nick','van den Brink',2,'VWO','nickvdbrink2000@gmail.com','NG','0619293854','van den Brink, Nick',NULL,NULL,NULL),(53,'MC11093@montessori.nl','student','Montessori Arnhem','Britt','Kramer',4,'VWO',NULL,'NG','0637837484','Kramer, Britt',NULL,NULL,NULL),(54,'CC110293@candea.nl','student','Candea','Jayden','Veenstra',6,'VWO','jaydenveenstrajayden@hotmail.com','EM&CM','0629824588','Veenstra, Jayden',NULL,NULL,NULL),(55,'CD193585@quadraam.nl','student','Quadraam','Maud','de Jonge',3,'HAVO','Mauddejonge@gmail.com','NG','','de Jonge, Maud',NULL,NULL,NULL),(56,'LL338234@lorentz.nl','student','Lorentz Lyceum','Sam','Peeters',4,'VWO','speeters@hotmail.com','NT','0678475501','Peeters, Sam',NULL,NULL,NULL),(57,'CC229340@candea.nl','student','Candea','Roos','Hoekstra',4,'VWO','rooshoekstra1999@gmail.com','EM&CM','0611348474','Hoekstra, Roos',NULL,NULL,NULL);
/*!40000 ALTER TABLE `user_data` ENABLE KEYS */;
UNLOCK TABLES;
/*!40103 SET TIME_ZONE=@OLD_TIME_ZONE */;

/*!40101 SET SQL_MODE=@OLD_SQL_MODE */;
/*!40014 SET FOREIGN_KEY_CHECKS=@OLD_FOREIGN_KEY_CHECKS */;
/*!40014 SET UNIQUE_CHECKS=@OLD_UNIQUE_CHECKS */;
/*!40101 SET CHARACTER_SET_CLIENT=@OLD_CHARACTER_SET_CLIENT */;
/*!40101 SET CHARACTER_SET_RESULTS=@OLD_CHARACTER_SET_RESULTS */;
/*!40101 SET COLLATION_CONNECTION=@OLD_COLLATION_CONNECTION */;
/*!40111 SET SQL_NOTES=@OLD_SQL_NOTES */;

-- Dump completed on 2019-08-16 15:58:16
